CODIGO_ESCOLA|UF|CODMUNIC|MUNIC|DEP|CODFUNC|LAB_INFO|BIBLIO|PROFESS|FUNCION|VDG1CA|VDG1C1|VDG1C3|VDG1C4
25384640|Roraima|140100100050|ALTO ALEGRE|Estadual|Ativo|1|1|33|58|0|0|29|30
25384641|Roraima|140100100050|ALTO ALEGRE|Estadual|Paralisado|NA|NA|NA|NA|NA|NA|NA|NA
25384642|Roraima|140100100050|ALTO ALEGRE|Estadual|Ativo|0|0|14|17|0|1|11|3
25384643|Roraima|140100100050|ALTO ALEGRE|Estadual|Ativo|0|0|1|1|0|1|1|0
25384644|Roraima|140100100050|ALTO ALEGRE|Estadual|Ativo|0|0|1|1|0|0|1|0
25384645|Roraima|140100100050|ALTO ALEGRE|Estadual|Ativo|0|0|1|1|0|1|1|0
25384646|Roraima|140100100050|ALTO ALEGRE|Estadual|Ativo|0|0|1|1|0|1|1|0
25384647|Roraima|140200300308|MUCAJAI|Estadual|Ativo|0|0|2|2|0|1|2|0
25384648|Roraima|140100100050|ALTO ALEGRE|Estadual|Paralisado|NA|NA|NA|NA|NA|NA|NA|NA
25384649|Roraima|140100100050|ALTO ALEGRE|Estadual|Ativo|0|0|1|2|0|1|1|0
25384650|Roraima|140100100050|ALTO ALEGRE|Estadual|Ativo|0|1|1|1|0|0|1|0
25384651|Roraima|140100100050|ALTO ALEGRE|Estadual|Ativo|0|0|1|1|0|1|1|0
25384652|Roraima|140100100050|ALTO ALEGRE|Estadual|Ativo|0|0|19|32|0|3|13|7
25384653|Roraima|140100100050|ALTO ALEGRE|Estadual|Ativo|0|0|1|1|0|1|1|0
25384654|Roraima|140100100050|ALTO ALEGRE|Estadual|Ativo|0|0|1|1|0|1|1|0
25384655|Roraima|140100100050|ALTO ALEGRE|Estadual|Ativo|0|1|2|3|0|1|1|0
25384656|Roraima|140100100050|ALTO ALEGRE|Estadual|Ativo|0|1|13|17|0|1|11|5
25384657|Roraima|140100100050|ALTO ALEGRE|Estadual|Paralisado|NA|NA|NA|NA|NA|NA|NA|NA
25384658|Roraima|140200300308|MUCAJAI|Estadual|Ativo|0|0|20|28|0|2|15|10
25384659|Roraima|140100100050|ALTO ALEGRE|Estadual|Paralisado|NA|NA|NA|NA|NA|NA|NA|NA
25384660|Roraima|140100100050|ALTO ALEGRE|Estadual|Ativo|0|0|3|3|0|1|2|0
25384661|Roraima|140100100050|ALTO ALEGRE|Estadual|Ativo|0|0|1|1|0|1|1|0
25384662|Roraima|140100100050|ALTO ALEGRE|Estadual|Ativo|0|1|52|73|0|3|28|0
25384663|Roraima|140100100050|ALTO ALEGRE|Estadual|Paralisado|NA|NA|NA|NA|NA|NA|NA|NA
25384664|Roraima|140100100050|ALTO ALEGRE|Estadual|Ativo|0|1|20|24|0|2|13|6
25384665|Roraima|140100100050|ALTO ALEGRE|Estadual|Ativo|0|0|1|1|0|1|1|0
25384666|Roraima|140100100050|ALTO ALEGRE|Estadual|Ativo|0|0|5|5|0|0|3|0
25384667|Roraima|140100100050|ALTO ALEGRE|Estadual|Paralisado|NA|NA|NA|NA|NA|NA|NA|NA
25384668|Roraima|140100100050|ALTO ALEGRE|Estadual|Ativo|0|1|13|30|0|2|8|3
25384669|Roraima|140100100050|ALTO ALEGRE|Estadual|Ativo|0|0|1|1|0|1|1|0
25384670|Roraima|140100100050|ALTO ALEGRE|Estadual|Ativo|0|0|1|2|0|1|1|0
25384671|Roraima|140100100050|ALTO ALEGRE|Estadual|Ativo|0|0|1|1|0|1|1|0
25384672|Roraima|140100100050|ALTO ALEGRE|Estadual|Ativo|0|0|1|2|0|1|1|0
25384673|Roraima|140100100050|ALTO ALEGRE|Estadual|Ativo|0|0|13|18|0|1|11|6
25384674|Roraima|140100100050|ALTO ALEGRE|Estadual|Ativo|0|0|1|1|0|1|1|0
25384675|Roraima|140100100050|ALTO ALEGRE|Estadual|Ativo|0|0|1|1|0|1|1|0
25384676|Roraima|140100100050|ALTO ALEGRE|Municipal|Ativo|0|0|26|33|2|7|5|0
25384677|Roraima|140100100100|BOA VISTA|Federal|Paralisado|NA|NA|NA|NA|NA|NA|NA|NA
25384678|Roraima|140100100100|BOA VISTA|Estadual|Ativo|0|1|55|88|0|0|18|46
25384679|Roraima|140100100100|BOA VISTA|Estadual|Ativo|1|1|117|146|0|0|13|81
25384680|Roraima|140100100100|BOA VISTA|Estadual|Ativo|0|1|73|107|0|0|0|66
25384681|Roraima|140100100100|BOA VISTA|Estadual|Ativo|0|1|30|66|0|0|8|22
25384682|Roraima|140100100100|BOA VISTA|Estadual|Ativo|1|1|55|90|0|0|19|36
25384683|Roraima|140100100100|BOA VISTA|Estadual|Ativo|1|1|45|102|0|0|18|37
25384684|Roraima|140100100100|BOA VISTA|Estadual|Ativo|1|1|37|64|0|0|7|34
25376615|Roraima|140100100100|BOA VISTA|Federal|Ativo|1|1|103|250|0|0|0|40
25384685|Roraima|140100100100|BOA VISTA|Estadual|Ativo|0|1|47|87|0|0|34|0
25384686|Roraima|140100100027|AMAJARI|Estadual|Ativo|0|0|6|6|0|0|6|0
25384687|Roraima|140100100100|BOA VISTA|Estadual|Ativo|0|1|15|40|0|0|11|0
25384688|Roraima|140100100027|AMAJARI|Estadual|Paralisado|NA|NA|NA|NA|NA|NA|NA|NA
25384689|Roraima|140100100100|BOA VISTA|Estadual|Paralisado|NA|NA|NA|NA|NA|NA|NA|NA
25384690|Roraima|140100100100|BOA VISTA|Municipal|Ativo|0|0|4|4|0|1|2|0
25384691|Roraima|140100100100|BOA VISTA|Estadual|Ativo|0|0|7|7|0|1|6|0
25384692|Roraima|140100100100|BOA VISTA|Estadual|Ativo|0|0|14|20|0|2|9|0
25384693|Roraima|140100100027|AMAJARI|Estadual|Ativo|0|0|1|1|0|0|1|0
25384694|Roraima|140100200704|UIRAMUTA|Estadual|Ativo|0|0|1|1|0|0|1|0
25384695|Roraima|140100100456|PACARAIMA|Estadual|Ativo|0|1|9|9|0|1|8|0
25384696|Roraima|140100100027|AMAJARI|Estadual|Ativo|0|0|1|1|0|0|1|0
25384697|Roraima|140100100456|PACARAIMA|Estadual|Ativo|0|0|7|7|0|1|7|0
25384698|Roraima|140100100027|AMAJARI|Estadual|Ativo|0|1|13|13|0|0|7|0
25384699|Roraima|140100100100|BOA VISTA|Estadual|Ativo|0|1|36|111|0|8|22|0
25384700|Roraima|140100100100|BOA VISTA|Estadual|Ativo|0|1|17|50|0|0|17|0
25384701|Roraima|140100100100|BOA VISTA|Estadual|Ativo|1|1|37|55|0|0|30|0
25384702|Roraima|140100200704|UIRAMUTA|Estadual|Ativo|0|0|8|8|0|1|8|0
25384703|Roraima|140100100100|BOA VISTA|Estadual|Ativo|0|1|47|75|0|0|28|0
25384704|Roraima|140100100100|BOA VISTA|Estadual|Ativo|1|1|36|82|0|0|26|0
25384705|Roraima|140100100456|PACARAIMA|Estadual|Ativo|0|1|32|55|0|0|28|0
25376616|Roraima|140100100100|BOA VISTA|Particular|Ativo|1|1|55|100|0|12|32|11
25378366|Roraima|140100100100|BOA VISTA|Particular|Ativo|1|1|16|22|0|0|16|0
25384706|Roraima|140100100100|BOA VISTA|Particular|Ativo|1|1|28|46|0|3|16|17
25384707|Roraima|140100100456|PACARAIMA|Estadual|Ativo|0|0|7|7|0|0|6|1
25384708|Roraima|140100100100|BOA VISTA|Estadual|Ativo|0|1|39|73|0|0|25|0
25384709|Roraima|140100100100|BOA VISTA|Estadual|Ativo|0|0|1|1|0|0|1|0
25384710|Roraima|140100100456|PACARAIMA|Estadual|Ativo|0|0|1|1|0|1|1|0
25384711|Roraima|140100100100|BOA VISTA|Estadual|Ativo|0|1|16|48|0|0|16|0
25384712|Roraima|140100200704|UIRAMUTA|Estadual|Ativo|0|0|6|8|0|0|6|0
25384713|Roraima|140100100456|PACARAIMA|Estadual|Paralisado|NA|NA|NA|NA|NA|NA|NA|NA
25384714|Roraima|140100100100|BOA VISTA|Estadual|Ativo|1|1|29|74|0|0|19|0
25384715|Roraima|140100100456|PACARAIMA|Estadual|Ativo|0|0|8|10|0|1|7|2
25384716|Roraima|140100100456|PACARAIMA|Estadual|Ativo|0|0|1|1|0|0|1|0
25384717|Roraima|140100100100|BOA VISTA|Estadual|Ativo|0|1|29|51|0|0|20|0
25384718|Roraima|140100100456|PACARAIMA|Estadual|Ativo|0|1|19|24|0|0|11|5
25384719|Roraima|140100100100|BOA VISTA|Municipal|Ativo|0|1|43|95|0|6|21|0
25384720|Roraima|140100100456|PACARAIMA|Estadual|Paralisado|NA|NA|NA|NA|NA|NA|NA|NA
25384721|Roraima|140100100100|BOA VISTA|Estadual|Ativo|0|0|1|1|0|1|1|0
25384722|Roraima|140100100100|BOA VISTA|Estadual|Ativo|0|1|35|89|0|0|11|19
25384723|Roraima|140100100100|BOA VISTA|Estadual|Ativo|0|0|1|1|0|0|1|0
25384724|Roraima|140100100027|AMAJARI|Estadual|Ativo|0|0|5|7|0|0|5|0
25384725|Roraima|140100100100|BOA VISTA|Estadual|Ativo|0|0|10|10|0|1|8|4
25384726|Roraima|140100100456|PACARAIMA|Estadual|Ativo|0|0|1|1|0|1|1|0
25384727|Roraima|140100100456|PACARAIMA|Estadual|Ativo|0|0|1|1|0|0|1|0
25384728|Roraima|140100100100|BOA VISTA|Particular|Ativo|1|1|44|79|0|14|30|11
25384729|Roraima|140100100100|BOA VISTA|Particular|Ativo|1|0|14|30|0|14|0|0
25384730|Roraima|140100100100|BOA VISTA|Estadual|Ativo|1|1|43|77|0|0|21|24
25376941|Roraima|140100100100|BOA VISTA|Particular|Ativo|1|0|29|61|0|17|12|0
25384731|Roraima|140100100027|AMAJARI|Estadual|Ativo|0|0|16|27|0|0|12|4
25384732|Roraima|140100100027|AMAJARI|Estadual|Ativo|0|0|7|7|0|1|6|0
25384733|Roraima|140100100027|AMAJARI|Estadual|Ativo|0|1|33|37|0|0|18|7
25384734|Roraima|140100100027|AMAJARI|Estadual|Ativo|0|0|1|1|0|0|1|0
25384735|Roraima|140100100100|BOA VISTA|Estadual|Ativo|0|0|7|7|0|1|6|0
25384736|Roraima|140100100100|BOA VISTA|Estadual|Ativo|0|1|53|74|0|0|34|10
25384737|Roraima|140100100456|PACARAIMA|Estadual|Ativo|0|0|12|15|0|1|11|2
25384738|Roraima|140100100456|PACARAIMA|Estadual|Ativo|0|0|8|8|0|1|7|0
25384739|Roraima|140100100100|BOA VISTA|Estadual|Ativo|1|1|43|85|0|0|34|0
25384740|Roraima|140100100456|PACARAIMA|Estadual|Ativo|0|0|1|1|0|1|1|0
25384741|Roraima|140100100100|BOA VISTA|Estadual|Ativo|1|1|88|140|0|0|53|0
25384742|Roraima|140100100100|BOA VISTA|Municipal|Ativo|0|0|19|49|0|19|0|0
25384743|Roraima|140100100100|BOA VISTA|Municipal|Ativo|1|1|36|75|0|10|17|0
25384744|Roraima|140100100100|BOA VISTA|Municipal|Ativo|0|0|11|25|0|3|8|0
25384745|Roraima|140100100027|AMAJARI|Municipal|Ativo|0|0|1|3|0|1|1|0
25384746|Roraima|140100100100|BOA VISTA|Municipal|Ativo|0|1|32|76|0|1|23|0
25384747|Roraima|140100100100|BOA VISTA|Municipal|Ativo|0|1|38|95|0|3|21|0
25381093|Roraima|140100100100|BOA VISTA|Municipal|Ativo|0|0|7|22|0|7|0|0
25384748|Roraima|140100100456|PACARAIMA|Estadual|Ativo|0|0|15|17|0|2|9|6
25384749|Roraima|140100100100|BOA VISTA|Estadual|Ativo|0|1|42|66|0|0|26|0
25384750|Roraima|140100100100|BOA VISTA|Estadual|Ativo|0|0|6|14|0|1|5|0
25384751|Roraima|140100100027|AMAJARI|Estadual|Ativo|0|0|1|1|0|0|1|0
25384752|Roraima|140100100456|PACARAIMA|Estadual|Ativo|0|0|5|5|0|0|5|0
25384753|Roraima|140100100100|BOA VISTA|Estadual|Ativo|0|1|12|49|0|0|0|12
25384754|Roraima|140100100027|AMAJARI|Estadual|Ativo|0|0|3|9|0|1|3|0
25384755|Roraima|140100100100|BOA VISTA|Estadual|Ativo|1|1|43|76|0|0|43|0
25384756|Roraima|140100200704|UIRAMUTA|Estadual|Ativo|0|0|1|1|0|0|1|0
25384757|Roraima|140100100456|PACARAIMA|Estadual|Ativo|1|1|21|24|0|0|14|7
25384758|Roraima|140100100027|AMAJARI|Estadual|Ativo|0|0|11|15|0|0|8|4
25384759|Roraima|140100200704|UIRAMUTA|Estadual|Ativo|0|0|1|1|0|0|1|0
25384760|Roraima|140100100100|BOA VISTA|Estadual|Ativo|0|1|37|74|0|0|25|0
25384761|Roraima|140100100100|BOA VISTA|Estadual|Ativo|0|1|44|87|0|0|31|0
25384762|Roraima|140100100456|PACARAIMA|Estadual|Paralisado|NA|NA|NA|NA|NA|NA|NA|NA
25384763|Roraima|140100100100|BOA VISTA|Estadual|Ativo|0|1|45|84|0|0|32|0
25384764|Roraima|140100100027|AMAJARI|Estadual|Ativo|0|0|1|1|0|0|1|0
25384765|Roraima|140100100456|PACARAIMA|Estadual|Ativo|0|1|6|6|0|1|6|0
25384766|Roraima|140100200704|UIRAMUTA|Estadual|Ativo|0|0|5|7|0|0|5|0
25384767|Roraima|140100100100|BOA VISTA|Estadual|Ativo|0|0|13|16|0|1|9|3
25384768|Roraima|140100100456|PACARAIMA|Estadual|Ativo|0|0|1|1|0|0|1|0
25384769|Roraima|140100100100|BOA VISTA|Estadual|Ativo|1|1|34|88|0|0|18|28
25384770|Roraima|140100100100|BOA VISTA|Estadual|Ativo|0|1|46|77|0|0|18|0
25384771|Roraima|140100200704|UIRAMUTA|Estadual|Ativo|0|0|1|1|0|0|1|0
25384772|Roraima|140100100027|AMAJARI|Estadual|Ativo|0|0|3|3|0|0|1|0
25384773|Roraima|140100100100|BOA VISTA|Municipal|Ativo|0|1|15|52|0|3|15|0
25384774|Roraima|140100100100|BOA VISTA|Estadual|Ativo|1|1|49|91|0|0|33|0
25384775|Roraima|140100100100|BOA VISTA|Estadual|Ativo|0|0|12|16|0|1|5|3
25384776|Roraima|140100100456|PACARAIMA|Estadual|Ativo|0|0|1|1|0|0|1|0
25384777|Roraima|140100100027|AMAJARI|Estadual|Ativo|0|0|2|2|0|1|2|0
25384778|Roraima|140100200704|UIRAMUTA|Estadual|Ativo|0|0|1|1|0|1|1|0
25384779|Roraima|140100100027|AMAJARI|Estadual|Ativo|0|0|4|5|0|0|4|0
25384780|Roraima|140100100100|BOA VISTA|Estadual|Ativo|1|1|65|78|0|0|6|61
25384781|Roraima|140100100100|BOA VISTA|Estadual|Ativo|0|0|1|1|0|0|1|0
25384782|Roraima|140100100027|AMAJARI|Estadual|Ativo|0|0|1|1|0|0|1|0
25384783|Roraima|140100100456|PACARAIMA|Estadual|Ativo|0|0|2|2|0|1|1|0
25384784|Roraima|140100100027|AMAJARI|Estadual|Ativo|0|0|1|1|0|0|1|0
25384785|Roraima|140100100027|AMAJARI|Estadual|Ativo|0|1|17|24|0|1|13|4
25384786|Roraima|140100100456|PACARAIMA|Estadual|Ativo|0|0|1|1|0|0|1|0
25384787|Roraima|140100100456|PACARAIMA|Estadual|Ativo|0|0|6|6|0|1|6|0
25384788|Roraima|140100100100|BOA VISTA|Estadual|Ativo|0|0|2|3|0|1|2|0
25384789|Roraima|140100100100|BOA VISTA|Estadual|Ativo|0|1|23|52|0|0|23|0
25384790|Roraima|140100200704|UIRAMUTA|Estadual|Ativo|0|1|17|25|0|2|10|8
25384791|Roraima|140100100100|BOA VISTA|Estadual|Ativo|0|1|45|87|0|0|31|0
25384792|Roraima|140100100100|BOA VISTA|Estadual|Ativo|0|0|8|17|0|0|8|2
25384793|Roraima|140100100100|BOA VISTA|Estadual|Ativo|0|0|15|18|0|1|12|4
25384794|Roraima|140100100456|PACARAIMA|Estadual|Ativo|0|0|10|10|0|1|7|3
25384795|Roraima|140100100456|PACARAIMA|Estadual|Paralisado|NA|NA|NA|NA|NA|NA|NA|NA
25384796|Roraima|140100100027|AMAJARI|Estadual|Ativo|0|0|1|1|0|1|1|0
25384797|Roraima|140100100456|PACARAIMA|Estadual|Ativo|0|0|2|2|0|1|1|0
25384798|Roraima|140100100456|PACARAIMA|Estadual|Ativo|0|0|1|1|0|1|1|0
25384799|Roraima|140100100100|BOA VISTA|Estadual|Ativo|1|1|31|77|0|0|21|0
25384800|Roraima|140100100100|BOA VISTA|Estadual|Ativo|1|1|55|97|0|0|33|0
25384801|Roraima|140100100100|BOA VISTA|Estadual|Ativo|0|1|32|66|0|0|23|0
25384802|Roraima|140100100100|BOA VISTA|Estadual|Ativo|0|1|25|53|0|0|25|0
25384803|Roraima|140100100100|BOA VISTA|Estadual|Ativo|0|0|14|38|0|9|5|0
25384804|Roraima|140100100100|BOA VISTA|Estadual|Ativo|0|0|17|52|0|0|17|0
25384805|Roraima|140100100100|BOA VISTA|Estadual|Ativo|0|1|26|65|0|6|20|0
25384806|Roraima|140100100456|PACARAIMA|Municipal|Ativo|0|0|19|38|0|5|12|0
25384807|Roraima|140100100100|BOA VISTA|Municipal|Ativo|0|0|8|29|0|8|0|0
25384808|Roraima|140100100100|BOA VISTA|Municipal|Ativo|0|0|30|68|0|5|22|0
25384809|Roraima|140100100027|AMAJARI|Municipal|Ativo|0|0|5|10|0|3|2|0
25381094|Roraima|140100100456|PACARAIMA|Municipal|Ativo|0|0|3|8|0|2|1|0
25381095|Roraima|140100100100|BOA VISTA|Municipal|Ativo|0|0|26|86|0|26|0|0
25384810|Roraima|140100100100|BOA VISTA|Municipal|Ativo|0|1|30|67|0|6|19|0
25384811|Roraima|140100100100|BOA VISTA|Estadual|Ativo|0|0|20|39|0|20|0|0
25384812|Roraima|140100100100|BOA VISTA|Estadual|Ativo|0|0|19|40|0|0|0|0
25384813|Roraima|140100200159|BONFIM|Estadual|Ativo|0|1|14|26|0|0|0|9
25384814|Roraima|140100200159|BONFIM|Estadual|Ativo|0|0|4|4|0|1|3|0
25384815|Roraima|140100200175|CANTA|Estadual|Ativo|0|0|17|20|0|2|13|5
25384816|Roraima|140100200175|CANTA|Estadual|Ativo|0|0|6|6|0|1|6|0
25384817|Roraima|140100200159|BONFIM|Estadual|Ativo|0|0|1|1|0|0|1|0
25384818|Roraima|140100200175|CANTA|Municipal|Ativo|0|0|12|18|0|1|10|0
25384819|Roraima|140100200159|BONFIM|Municipal|Ativo|0|0|15|22|0|1|8|0
25384820|Roraima|140100200159|BONFIM|Estadual|Ativo|0|1|10|12|0|0|8|2
25384821|Roraima|140100200175|CANTA|Estadual|Ativo|0|0|1|1|0|0|1|0
25384822|Roraima|140100200175|CANTA|Estadual|Ativo|0|0|1|1|0|0|1|0
25384823|Roraima|140100200175|CANTA|Estadual|Ativo|0|0|1|2|0|0|1|0
25384824|Roraima|140100200175|CANTA|Estadual|Ativo|0|0|1|1|0|1|1|0
25384825|Roraima|140100200159|BONFIM|Estadual|Paralisado|NA|NA|NA|NA|NA|NA|NA|NA
25384826|Roraima|140100200159|BONFIM|Estadual|Ativo|0|0|11|11|0|0|8|2
25384827|Roraima|140100200175|CANTA|Estadual|Ativo|0|1|18|20|0|1|10|6
25384828|Roraima|140100200159|BONFIM|Municipal|Ativo|0|0|15|22|0|2|11|0
25384829|Roraima|140100200175|CANTA|Estadual|Ativo|0|1|18|22|0|0|12|6
25384830|Roraima|140100200175|CANTA|Estadual|Ativo|0|1|14|18|0|1|10|4
25384831|Roraima|140100200159|BONFIM|Estadual|Ativo|0|0|16|20|0|1|15|5
25384832|Roraima|140100200159|BONFIM|Estadual|Paralisado|NA|NA|NA|NA|NA|NA|NA|NA
25384833|Roraima|140100200159|BONFIM|Estadual|Ativo|0|0|1|1|0|1|1|0
25384834|Roraima|140100200175|CANTA|Estadual|Ativo|0|0|1|1|0|1|1|0
25384835|Roraima|140100200159|BONFIM|Municipal|Ativo|0|0|12|26|0|1|9|0
25384836|Roraima|140100200175|CANTA|Estadual|Ativo|0|0|16|22|0|1|10|7
25384837|Roraima|140100200175|CANTA|Estadual|Ativo|0|1|29|52|0|0|17|7
25384838|Roraima|140100200175|CANTA|Estadual|Ativo|0|1|12|15|0|0|12|5
25384839|Roraima|140100200175|CANTA|Estadual|Ativo|0|0|4|4|0|0|4|0
25384840|Roraima|140100200175|CANTA|Estadual|Ativo|0|0|12|15|0|1|9|0
25384841|Roraima|140100200159|BONFIM|Estadual|Ativo|0|0|1|1|0|0|1|0
25384842|Roraima|140100200175|CANTA|Estadual|Ativo|0|0|1|1|0|1|1|0
25384843|Roraima|140100200175|CANTA|Municipal|Ativo|0|0|3|4|0|1|1|0
25384844|Roraima|140100200159|BONFIM|Estadual|Ativo|0|0|1|1|0|0|1|0
25384845|Roraima|140100200175|CANTA|Estadual|Ativo|0|0|20|27|0|1|12|4
25384846|Roraima|140100200159|BONFIM|Estadual|Paralisado|NA|NA|NA|NA|NA|NA|NA|NA
25384847|Roraima|140100200175|CANTA|Municipal|Ativo|0|0|1|2|0|1|1|0
25384848|Roraima|140100200175|CANTA|Estadual|Paralisado|NA|NA|NA|NA|NA|NA|NA|NA
25384849|Roraima|140100200159|BONFIM|Estadual|Ativo|0|0|1|1|0|0|1|0
25384850|Roraima|140100200175|CANTA|Estadual|Ativo|0|0|15|22|0|1|9|6
25384851|Roraima|140100200159|BONFIM|Estadual|Ativo|0|0|8|8|0|1|6|0
25376617|Roraima|140100200159|BONFIM|Municipal|Ativo|0|0|8|14|0|8|0|0
25384852|Roraima|140100200159|BONFIM|Municipal|Ativo|0|0|3|5|0|3|0|0
25384853|Roraima|140100200407|NORMANDIA|Estadual|Paralisado|NA|NA|NA|NA|NA|NA|NA|NA
25384854|Roraima|140100200407|NORMANDIA|Estadual|Ativo|0|1|22|27|0|3|13|8
25384855|Roraima|140100200704|UIRAMUTA|Estadual|Ativo|0|0|1|1|0|0|1|0
25384856|Roraima|140100200407|NORMANDIA|Estadual|Paralisado|NA|NA|NA|NA|NA|NA|NA|NA
25384857|Roraima|140100200407|NORMANDIA|Estadual|Ativo|0|0|1|1|0|1|1|0
25384858|Roraima|140100200704|UIRAMUTA|Estadual|Ativo|0|0|5|6|0|0|5|0
25384859|Roraima|140100200704|UIRAMUTA|Estadual|Ativo|0|0|4|4|0|1|3|0
25384860|Roraima|140100200407|NORMANDIA|Estadual|Ativo|0|1|27|41|0|0|10|5
25384861|Roraima|140100200704|UIRAMUTA|Municipal|Ativo|0|0|6|8|0|2|4|0
25384862|Roraima|140100200407|NORMANDIA|Estadual|Ativo|0|0|8|8|0|1|8|0
25384863|Roraima|140100200704|UIRAMUTA|Estadual|Ativo|0|0|1|1|0|1|1|0
25384864|Roraima|140100200407|NORMANDIA|Estadual|Ativo|0|0|7|9|0|1|3|0
25384865|Roraima|140100200407|NORMANDIA|Estadual|Ativo|0|0|2|2|0|1|1|0
25384866|Roraima|140100200407|NORMANDIA|Estadual|Ativo|0|0|1|1|0|0|1|0
25384867|Roraima|140100200704|UIRAMUTA|Estadual|Ativo|0|0|1|1|0|0|1|0
25384868|Roraima|140100200407|NORMANDIA|Estadual|Ativo|0|0|1|1|0|1|1|0
25384869|Roraima|140100200407|NORMANDIA|Estadual|Ativo|0|0|10|14|0|1|7|4
25384870|Roraima|140100200407|NORMANDIA|Estadual|Paralisado|NA|NA|NA|NA|NA|NA|NA|NA
25384871|Roraima|140100200407|NORMANDIA|Estadual|Ativo|0|1|1|1|0|0|1|0
25384872|Roraima|140100200407|NORMANDIA|Estadual|Ativo|0|0|2|2|0|1|1|0
25384873|Roraima|140100200407|NORMANDIA|Estadual|Ativo|0|1|20|38|0|3|13|0
25384874|Roraima|140100200407|NORMANDIA|Estadual|Ativo|0|0|11|15|0|1|8|2
25384875|Roraima|140100200407|NORMANDIA|Estadual|Ativo|0|0|1|1|0|0|1|0
25384876|Roraima|140100200704|UIRAMUTA|Estadual|Ativo|0|0|10|13|0|0|4|0
25384877|Roraima|140100200704|UIRAMUTA|Estadual|Ativo|0|0|21|27|0|2|13|9
25384878|Roraima|140100200704|UIRAMUTA|Estadual|Ativo|0|1|10|11|0|0|10|0
25384879|Roraima|140100200704|UIRAMUTA|Estadual|Ativo|0|0|1|1|0|0|1|0
25384880|Roraima|140100200407|NORMANDIA|Estadual|Ativo|0|0|3|4|0|1|3|0
25384881|Roraima|140100200407|NORMANDIA|Estadual|Ativo|0|0|2|2|0|1|1|0
25384882|Roraima|140100200407|NORMANDIA|Estadual|Ativo|0|0|2|4|0|1|2|0
25384883|Roraima|140100200407|NORMANDIA|Estadual|Ativo|0|0|1|1|0|1|1|0
25384884|Roraima|140100200407|NORMANDIA|Estadual|Ativo|0|0|1|1|0|1|1|0
25384885|Roraima|140100200407|NORMANDIA|Estadual|Ativo|0|0|1|1|0|0|1|0
25384886|Roraima|140100200407|NORMANDIA|Estadual|Ativo|0|0|1|1|0|0|1|0
25384887|Roraima|140100200704|UIRAMUTA|Estadual|Ativo|0|0|7|9|0|1|6|0
25384888|Roraima|140100200704|UIRAMUTA|Estadual|Ativo|0|0|1|1|0|1|1|0
25384889|Roraima|140100200704|UIRAMUTA|Estadual|Ativo|0|0|8|9|0|1|7|0
25384890|Roraima|140100200704|UIRAMUTA|Estadual|Ativo|0|0|2|2|0|1|1|0
25384891|Roraima|140100200407|NORMANDIA|Estadual|Ativo|0|0|2|3|0|1|1|0
25384892|Roraima|140100200407|NORMANDIA|Estadual|Ativo|0|1|16|16|0|2|13|3
25384893|Roraima|140100200704|UIRAMUTA|Estadual|Ativo|0|0|6|6|0|1|6|0
25384894|Roraima|140100200407|NORMANDIA|Estadual|Ativo|0|0|1|1|0|0|1|0
25384895|Roraima|140100200704|UIRAMUTA|Estadual|Ativo|0|0|2|2|0|1|2|0
25384896|Roraima|140100200704|UIRAMUTA|Estadual|Ativo|0|0|8|8|0|1|7|0
25384897|Roraima|140100200407|NORMANDIA|Estadual|Ativo|0|0|9|9|0|1|8|0
25384898|Roraima|140100200704|UIRAMUTA|Municipal|Ativo|0|0|11|18|0|1|8|0
25384899|Roraima|140100200407|NORMANDIA|Estadual|Ativo|0|0|1|1|0|0|1|0
25384900|Roraima|140100200704|UIRAMUTA|Estadual|Ativo|0|0|12|15|0|2|8|0
25384901|Roraima|140100200407|NORMANDIA|Estadual|Ativo|0|0|15|23|0|1|8|4
25384902|Roraima|140100200407|NORMANDIA|Estadual|Ativo|0|0|4|4|0|0|4|0
25384903|Roraima|140100200704|UIRAMUTA|Estadual|Ativo|0|0|9|9|0|1|9|0
25384904|Roraima|140200300209|CARACARAI|Municipal|Ativo|0|0|10|14|0|1|9|0
25384905|Roraima|140200300209|CARACARAI|Estadual|Paralisado|NA|NA|NA|NA|NA|NA|NA|NA
25384906|Roraima|140200300209|CARACARAI|Municipal|Ativo|0|0|6|10|0|0|6|0
25384907|Roraima|140200300209|CARACARAI|Estadual|Ativo|0|0|1|2|0|0|1|0
25384908|Roraima|140200300209|CARACARAI|Municipal|Ativo|0|0|2|3|0|0|2|0
25384909|Roraima|140200300209|CARACARAI|Municipal|Ativo|0|0|10|14|0|1|8|0
25384910|Roraima|140200300209|CARACARAI|Municipal|Ativo|0|1|14|38|0|4|10|0
25384911|Roraima|140200300209|CARACARAI|Municipal|Ativo|0|0|1|1|0|1|1|0
25384912|Roraima|140200300209|CARACARAI|Estadual|Ativo|0|0|17|25|0|0|11|4
25384913|Roraima|140200300282|IRACEMA|Estadual|Ativo|0|0|2|4|0|0|2|0
25384914|Roraima|140200300209|CARACARAI|Municipal|Ativo|0|0|18|52|0|6|12|0
25384915|Roraima|140200300209|CARACARAI|Estadual|Ativo|0|0|28|50|0|0|21|0
25384916|Roraima|140200300209|CARACARAI|Municipal|Ativo|0|0|1|3|0|0|1|0
25384917|Roraima|140200300209|CARACARAI|Municipal|Ativo|0|0|22|49|0|10|10|0
25384918|Roraima|140200300209|CARACARAI|Estadual|Ativo|0|1|22|34|0|1|17|8
25384919|Roraima|140200300209|CARACARAI|Municipal|Extinto|NA|NA|NA|NA|NA|NA|NA|NA
25384920|Roraima|140200300209|CARACARAI|Estadual|Ativo|1|1|32|62|0|0|13|12
25384921|Roraima|140200300209|CARACARAI|Municipal|Ativo|0|0|1|2|0|0|1|0
25384922|Roraima|140200300209|CARACARAI|Estadual|Ativo|0|1|16|19|0|1|8|5
25384923|Roraima|140200300209|CARACARAI|Estadual|Ativo|0|0|2|2|0|0|2|0
25384924|Roraima|140200300209|CARACARAI|Estadual|Ativo|0|0|7|9|0|0|7|0
25381096|Roraima|140200300209|CARACARAI|Estadual|Ativo|0|0|10|21|0|0|0|0
25384925|Roraima|140200300308|MUCAJAI|Estadual|Ativo|1|1|32|60|0|0|10|21
25384926|Roraima|140200300308|MUCAJAI|Estadual|Ativo|0|0|2|2|0|1|1|0
25384927|Roraima|140200300308|MUCAJAI|Estadual|Ativo|0|1|25|52|0|0|25|0
25384928|Roraima|140200300282|IRACEMA|Estadual|Ativo|0|1|44|63|0|0|33|14
25384929|Roraima|140200300308|MUCAJAI|Estadual|Ativo|0|0|13|21|0|2|11|7
25384930|Roraima|140200300308|MUCAJAI|Municipal|Paralisado|NA|NA|NA|NA|NA|NA|NA|NA
25384931|Roraima|140200300282|IRACEMA|Estadual|Ativo|0|0|5|6|0|0|5|3
25384932|Roraima|140200300308|MUCAJAI|Municipal|Ativo|0|0|1|1|0|0|1|0
25384933|Roraima|140200300308|MUCAJAI|Municipal|Ativo|0|0|1|1|0|0|1|0
25384934|Roraima|140200300308|MUCAJAI|Estadual|Ativo|0|0|1|1|0|1|1|0
25384935|Roraima|140200300308|MUCAJAI|Estadual|Ativo|0|0|1|1|0|1|1|0
25384936|Roraima|140200300308|MUCAJAI|Estadual|Ativo|0|0|2|2|0|1|2|0
25384937|Roraima|140200300308|MUCAJAI|Estadual|Ativo|0|0|2|3|0|1|1|0
25384938|Roraima|140200300308|MUCAJAI|Estadual|Ativo|0|0|1|1|0|1|1|0
25384939|Roraima|140200300282|IRACEMA|Estadual|Ativo|0|0|1|2|0|0|1|0
25384940|Roraima|140200300308|MUCAJAI|Estadual|Ativo|0|0|1|1|0|0|1|0
25384941|Roraima|140200300308|MUCAJAI|Estadual|Ativo|0|0|1|1|0|1|1|0
25384942|Roraima|140200300308|MUCAJAI|Estadual|Ativo|0|0|2|3|0|1|2|0
25384943|Roraima|140200300308|MUCAJAI|Municipal|Ativo|0|0|1|1|0|0|1|0
25384944|Roraima|140200300308|MUCAJAI|Estadual|Paralisado|NA|NA|NA|NA|NA|NA|NA|NA
25384945|Roraima|140200300308|MUCAJAI|Estadual|Ativo|0|0|1|1|0|1|1|0
25384946|Roraima|140200300308|MUCAJAI|Estadual|Ativo|0|0|1|1|0|0|1|0
25384947|Roraima|140200300308|MUCAJAI|Estadual|Ativo|0|0|1|1|0|1|1|0
25384948|Roraima|140200300308|MUCAJAI|Estadual|Ativo|0|1|27|41|0|3|17|9
25384949|Roraima|140200300308|MUCAJAI|Estadual|Ativo|0|0|1|2|0|1|1|0
25384950|Roraima|140200300308|MUCAJAI|Estadual|Ativo|0|1|21|41|0|11|10|0
25384951|Roraima|140200300282|IRACEMA|Estadual|Ativo|0|1|27|46|0|12|15|0
25381097|Roraima|140200300308|MUCAJAI|Municipal|Ativo|0|0|11|29|0|2|9|0
25384952|Roraima|140200400506|SAO JOAO DA BALIZA|Estadual|Ativo|1|1|16|38|0|0|8|13
25384953|Roraima|140200400233|CAROEBE|Municipal|Ativo|0|0|1|2|0|1|1|0
25384954|Roraima|140200400233|CAROEBE|Municipal|Ativo|0|0|1|1|0|1|1|0
25384955|Roraima|140200400233|CAROEBE|Municipal|Ativo|0|0|1|1|0|1|1|0
25384956|Roraima|140200400233|CAROEBE|Estadual|Paralisado|NA|NA|NA|NA|NA|NA|NA|NA
25384957|Roraima|140200400506|SAO JOAO DA BALIZA|Estadual|Paralisado|NA|NA|NA|NA|NA|NA|NA|NA
25384958|Roraima|140200400506|SAO JOAO DA BALIZA|Municipal|Paralisado|NA|NA|NA|NA|NA|NA|NA|NA
25384959|Roraima|140200400506|SAO JOAO DA BALIZA|Estadual|Ativo|0|0|9|9|0|0|9|0
25384960|Roraima|140200400233|CAROEBE|Estadual|Ativo|0|0|14|20|0|0|10|4
25384961|Roraima|140200400506|SAO JOAO DA BALIZA|Municipal|Ativo|0|0|5|7|0|0|5|0
25384962|Roraima|140200400233|CAROEBE|Estadual|Ativo|0|0|25|39|0|6|17|0
25384963|Roraima|140200400233|CAROEBE|Municipal|Ativo|0|0|1|2|0|1|1|0
25384964|Roraima|140200400605|SAO LUIZ|Municipal|Ativo|0|0|1|2|0|1|1|0
25384965|Roraima|140200400506|SAO JOAO DA BALIZA|Estadual|Paralisado|NA|NA|NA|NA|NA|NA|NA|NA
25384966|Roraima|140200400506|SAO JOAO DA BALIZA|Estadual|Ativo|0|0|19|34|0|0|13|0
25384967|Roraima|140200400233|CAROEBE|Municipal|Ativo|0|0|1|1|0|1|1|0
25384968|Roraima|140200400233|CAROEBE|Municipal|Ativo|0|0|1|1|0|1|1|0
25384969|Roraima|140200400233|CAROEBE|Municipal|Ativo|0|0|1|1|0|1|1|0
25384970|Roraima|140200400506|SAO JOAO DA BALIZA|Estadual|Ativo|0|0|12|12|0|0|7|5
25384971|Roraima|140200400233|CAROEBE|Municipal|Ativo|0|0|1|2|0|1|1|0
25384972|Roraima|140200400506|SAO JOAO DA BALIZA|Estadual|Ativo|0|0|1|2|0|0|1|0
25384973|Roraima|140200400506|SAO JOAO DA BALIZA|Estadual|Ativo|0|0|5|5|0|0|5|0
25384974|Roraima|140200400506|SAO JOAO DA BALIZA|Estadual|Paralisado|NA|NA|NA|NA|NA|NA|NA|NA
25384975|Roraima|140200400233|CAROEBE|Estadual|Ativo|0|0|1|1|0|0|1|0
25384976|Roraima|140200400233|CAROEBE|Municipal|Ativo|0|0|1|1|0|1|1|0
25384977|Roraima|140200400233|CAROEBE|Municipal|Ativo|0|1|6|6|0|1|4|0
25384978|Roraima|140200400233|CAROEBE|Estadual|Ativo|0|0|1|1|0|0|1|0
25384979|Roraima|140200400506|SAO JOAO DA BALIZA|Estadual|Paralisado|NA|NA|NA|NA|NA|NA|NA|NA
25384980|Roraima|140200400233|CAROEBE|Municipal|Ativo|0|0|1|1|0|1|1|0
25384981|Roraima|140200400233|CAROEBE|Estadual|Paralisado|NA|NA|NA|NA|NA|NA|NA|NA
25384982|Roraima|140200400233|CAROEBE|Municipal|Ativo|0|0|1|1|0|1|1|0
25384983|Roraima|140200400233|CAROEBE|Estadual|Ativo|0|0|1|1|0|0|1|0
25384984|Roraima|140200400233|CAROEBE|Estadual|Ativo|0|0|1|1|0|0|1|0
25384985|Roraima|140200400233|CAROEBE|Municipal|Ativo|0|0|1|1|0|1|1|0
25384986|Roraima|140200400233|CAROEBE|Municipal|Ativo|0|0|1|1|0|1|1|0
25384987|Roraima|140200400233|CAROEBE|Estadual|Paralisado|NA|NA|NA|NA|NA|NA|NA|NA
25381555|Roraima|140200400233|CAROEBE|Estadual|Ativo|0|0|24|36|0|1|17|3
25384988|Roraima|140200400506|SAO JOAO DA BALIZA|Municipal|Ativo|0|0|2|2|0|0|2|0
25384989|Roraima|140200400233|CAROEBE|Estadual|Paralisado|NA|NA|NA|NA|NA|NA|NA|NA
25384990|Roraima|140200400605|SAO LUIZ|Municipal|Ativo|0|0|2|4|0|1|1|0
25384991|Roraima|140200400233|CAROEBE|Municipal|Paralisado|NA|NA|NA|NA|NA|NA|NA|NA
25384992|Roraima|140200400233|CAROEBE|Estadual|Ativo|0|0|1|1|0|0|1|0
25384993|Roraima|140200400506|SAO JOAO DA BALIZA|Estadual|Ativo|0|0|1|1|0|0|1|0
25384994|Roraima|140200400233|CAROEBE|Estadual|Ativo|0|0|7|9|0|1|7|0
25384995|Roraima|140200400605|SAO LUIZ|Estadual|Ativo|0|1|20|40|0|0|5|20
25384996|Roraima|140200400472|RORAINOPOLIS|Estadual|Ativo|0|0|22|33|0|1|18|8
25384997|Roraima|140200400472|RORAINOPOLIS|Estadual|Ativo|0|0|1|1|0|0|1|0
25384998|Roraima|140200400472|RORAINOPOLIS|Estadual|Ativo|0|0|3|3|0|0|3|0
25384999|Roraima|140200400605|SAO LUIZ|Estadual|Paralisado|NA|NA|NA|NA|NA|NA|NA|NA
25385000|Roraima|140200400472|RORAINOPOLIS|Estadual|Paralisado|NA|NA|NA|NA|NA|NA|NA|NA
25385001|Roraima|140200400605|SAO LUIZ|Estadual|Ativo|0|0|1|1|0|1|1|0
25385002|Roraima|140200400472|RORAINOPOLIS|Estadual|Paralisado|NA|NA|NA|NA|NA|NA|NA|NA
25385003|Roraima|140200400472|RORAINOPOLIS|Estadual|Paralisado|NA|NA|NA|NA|NA|NA|NA|NA
25385004|Roraima|140200400472|RORAINOPOLIS|Municipal|Ativo|0|0|5|7|0|1|5|0
25385005|Roraima|140200400472|RORAINOPOLIS|Municipal|Ativo|0|0|2|3|0|1|1|0
25385006|Roraima|140200400605|SAO LUIZ|Estadual|Ativo|0|0|1|1|0|0|1|0
25385007|Roraima|140200400472|RORAINOPOLIS|Estadual|Ativo|0|0|1|1|0|0|1|0
25385008|Roraima|140200400472|RORAINOPOLIS|Estadual|Ativo|0|0|20|34|0|1|17|6
25385009|Roraima|140200400472|RORAINOPOLIS|Estadual|Ativo|0|0|1|1|0|0|1|0
25385010|Roraima|140200400472|RORAINOPOLIS|Estadual|Ativo|0|0|1|1|0|0|1|0
25385011|Roraima|140200400472|RORAINOPOLIS|Estadual|Paralisado|NA|NA|NA|NA|NA|NA|NA|NA
25385012|Roraima|140200400605|SAO LUIZ|Municipal|Ativo|0|0|2|3|0|1|1|0
25385013|Roraima|140200400472|RORAINOPOLIS|Estadual|Ativo|0|0|2|2|0|0|2|0
25385014|Roraima|140200400472|RORAINOPOLIS|Municipal|Ativo|0|0|5|7|0|0|5|0
25385015|Roraima|140200400472|RORAINOPOLIS|Estadual|Ativo|0|0|10|16|0|2|8|0
25385016|Roraima|140200400472|RORAINOPOLIS|Estadual|Ativo|0|1|96|124|0|0|29|29
25385017|Roraima|140200400605|SAO LUIZ|Estadual|Ativo|0|0|1|1|0|0|1|0
25385018|Roraima|140200300209|CARACARAI|Estadual|Ativo|0|0|1|1|0|0|1|0
25385019|Roraima|140200400472|RORAINOPOLIS|Estadual|Ativo|0|0|1|1|0|1|1|0
25385020|Roraima|140200400472|RORAINOPOLIS|Estadual|Paralisado|NA|NA|NA|NA|NA|NA|NA|NA
25385021|Roraima|140200400605|SAO LUIZ|Estadual|Ativo|0|0|1|1|0|1|1|0
25385022|Roraima|140200400472|RORAINOPOLIS|Estadual|Ativo|0|0|1|1|0|0|1|0
25385023|Roraima|140200400605|SAO LUIZ|Municipal|Ativo|0|0|2|2|0|1|1|0
25385024|Roraima|140200400605|SAO LUIZ|Estadual|Paralisado|NA|NA|NA|NA|NA|NA|NA|NA
25385025|Roraima|140200400472|RORAINOPOLIS|Estadual|Ativo|0|0|1|1|0|0|1|0
25385026|Roraima|140200400472|RORAINOPOLIS|Estadual|Paralisado|NA|NA|NA|NA|NA|NA|NA|NA
25385027|Roraima|140200400472|RORAINOPOLIS|Municipal|Ativo|0|0|1|2|0|1|1|0
25385028|Roraima|140200400472|RORAINOPOLIS|Estadual|Ativo|0|0|1|1|0|0|1|0
25385029|Roraima|140200400472|RORAINOPOLIS|Estadual|Paralisado|NA|NA|NA|NA|NA|NA|NA|NA
25385030|Roraima|140200400472|RORAINOPOLIS|Estadual|Ativo|0|0|11|20|0|1|10|0
25385031|Roraima|140200400472|RORAINOPOLIS|Estadual|Ativo|0|0|1|1|0|1|1|0
25385032|Roraima|140200400605|SAO LUIZ|Estadual|Ativo|0|1|23|46|0|0|19|0
25385033|Roraima|140200400472|RORAINOPOLIS|Estadual|Ativo|0|0|1|1|0|0|1|0
25385034|Roraima|140200400472|RORAINOPOLIS|Estadual|Paralisado|NA|NA|NA|NA|NA|NA|NA|NA
25385035|Roraima|140200400605|SAO LUIZ|Municipal|Ativo|0|0|1|1|0|0|1|0
25385036|Roraima|140200400472|RORAINOPOLIS|Estadual|Ativo|0|0|27|45|0|1|11|8
25385037|Roraima|140200400472|RORAINOPOLIS|Estadual|Paralisado|NA|NA|NA|NA|NA|NA|NA|NA
25385038|Roraima|140200400472|RORAINOPOLIS|Estadual|Ativo|0|0|5|5|0|0|5|0
25385039|Roraima|140200400605|SAO LUIZ|Estadual|Paralisado|NA|NA|NA|NA|NA|NA|NA|NA
25385040|Roraima|140200400472|RORAINOPOLIS|Estadual|Ativo|0|0|1|1|0|1|1|0
25385041|Roraima|140200400605|SAO LUIZ|Municipal|Ativo|0|0|15|49|0|6|9|0
25385042|Roraima|140100100100|BOA VISTA|Estadual|Ativo|0|0|1|1|0|0|1|0
25385043|Roraima|140100100100|BOA VISTA|Estadual|Ativo|0|0|2|2|0|1|1|0
25385044|Roraima|140100200704|UIRAMUTA|Estadual|Ativo|0|0|1|1|0|0|1|0
25385045|Roraima|140100200175|CANTA|Estadual|Ativo|0|0|2|3|0|0|2|0
25381098|Roraima|140100100100|BOA VISTA|Estadual|Ativo|0|0|63|100|0|0|0|0
25385046|Roraima|140100200704|UIRAMUTA|Estadual|Ativo|0|0|1|1|0|0|1|0
25385047|Roraima|140100200159|BONFIM|Municipal|Ativo|0|0|6|10|0|1|4|0
25385048|Roraima|140100200175|CANTA|Estadual|Ativo|0|0|1|1|0|0|1|0
25385049|Roraima|140100100456|PACARAIMA|Estadual|Ativo|0|0|3|3|0|1|2|0
25385050|Roraima|140100200159|BONFIM|Municipal|Ativo|0|0|2|2|0|1|1|0
25385051|Roraima|140100200159|BONFIM|Estadual|Ativo|0|0|3|4|0|1|2|0
25385052|Roraima|140100100456|PACARAIMA|Estadual|Ativo|0|0|1|1|0|1|1|0
25385053|Roraima|140100200175|CANTA|Estadual|Ativo|0|0|3|3|0|1|2|0
25385054|Roraima|140100200175|CANTA|Estadual|Ativo|0|0|1|1|0|0|1|0
25385055|Roraima|140100200175|CANTA|Estadual|Ativo|0|0|10|13|0|0|9|6
25385056|Roraima|140100200159|BONFIM|Municipal|Ativo|0|0|1|1|0|1|1|0
25385057|Roraima|140100200704|UIRAMUTA|Estadual|Ativo|0|0|1|1|0|0|1|0
25385058|Roraima|140100200704|UIRAMUTA|Estadual|Paralisado|NA|NA|NA|NA|NA|NA|NA|NA
25385059|Roraima|140100200407|NORMANDIA|Estadual|Ativo|0|0|1|1|0|0|1|0
25385060|Roraima|140100200159|BONFIM|Estadual|Ativo|0|0|19|31|0|0|13|2
25385061|Roraima|140100100027|AMAJARI|Estadual|Ativo|0|0|1|1|0|0|1|0
25385062|Roraima|140100100100|BOA VISTA|Estadual|Ativo|1|1|51|81|0|0|28|23
25385063|Roraima|140200400605|SAO LUIZ|Municipal|Extinto|NA|NA|NA|NA|NA|NA|NA|NA
25385064|Roraima|140200300209|CARACARAI|Estadual|Ativo|0|0|1|1|0|0|1|0
25385065|Roraima|140200400605|SAO LUIZ|Estadual|Paralisado|NA|NA|NA|NA|NA|NA|NA|NA
25385066|Roraima|140100100100|BOA VISTA|Estadual|Ativo|0|1|48|86|0|0|30|0
25385067|Roraima|140100100100|BOA VISTA|Estadual|Ativo|0|1|41|92|0|0|34|0
25385068|Roraima|140200400605|SAO LUIZ|Municipal|Ativo|0|0|2|2|0|1|1|0
25385069|Roraima|140200300209|CARACARAI|Estadual|Ativo|0|0|3|3|0|0|3|0
25385070|Roraima|140200400472|RORAINOPOLIS|Estadual|Ativo|0|0|1|1|0|1|1|0
25385071|Roraima|140200400472|RORAINOPOLIS|Estadual|Ativo|0|0|1|1|0|0|1|0
25385072|Roraima|140100100100|BOA VISTA|Estadual|Ativo|0|0|40|61|0|0|28|0
25385073|Roraima|140200300209|CARACARAI|Estadual|Ativo|0|0|1|1|0|1|1|0
25385074|Roraima|140200400472|RORAINOPOLIS|Estadual|Ativo|0|1|37|58|0|2|33|0
25385075|Roraima|140200400472|RORAINOPOLIS|Estadual|Ativo|0|0|2|2|0|0|2|0
25385076|Roraima|140200300308|MUCAJAI|Estadual|Ativo|0|0|1|1|0|1|1|0
25385077|Roraima|140200300308|MUCAJAI|Estadual|Ativo|0|0|4|4|0|1|4|0
25385078|Roraima|140200300308|MUCAJAI|Estadual|Ativo|0|0|1|1|0|1|1|0
25385079|Roraima|140200400233|CAROEBE|Municipal|Ativo|0|0|1|1|0|1|1|0
25385080|Roraima|140200300282|IRACEMA|Estadual|Ativo|0|0|24|35|0|3|18|6
25385081|Roraima|140200400233|CAROEBE|Municipal|Ativo|0|0|1|1|0|0|1|0
25385082|Roraima|140200300308|MUCAJAI|Estadual|Ativo|0|0|7|10|0|1|6|0
25385083|Roraima|140100100050|ALTO ALEGRE|Estadual|Paralisado|NA|NA|NA|NA|NA|NA|NA|NA
25385084|Roraima|140100100050|ALTO ALEGRE|Estadual|Ativo|0|0|1|1|0|1|1|0
25385085|Roraima|140100100050|ALTO ALEGRE|Estadual|Ativo|0|0|1|1|0|1|1|0
25385086|Roraima|140100100050|ALTO ALEGRE|Estadual|Ativo|0|0|1|1|0|1|1|0
25385087|Roraima|140100100100|BOA VISTA|Federal|Ativo|0|1|50|71|0|0|39|11
25385088|Roraima|140200300308|MUCAJAI|Estadual|Ativo|0|0|1|1|0|1|1|0
25385089|Roraima|140200400233|CAROEBE|Estadual|Ativo|0|0|1|1|0|0|1|0
25385090|Roraima|140100100050|ALTO ALEGRE|Estadual|Paralisado|NA|NA|NA|NA|NA|NA|NA|NA
25385091|Roraima|140100100100|BOA VISTA|Estadual|Ativo|0|1|51|78|0|0|41|0
25385092|Roraima|140200400472|RORAINOPOLIS|Estadual|Ativo|0|0|1|1|0|0|1|0
25385093|Roraima|140100200407|NORMANDIA|Estadual|Ativo|0|0|1|1|0|0|1|0
25385094|Roraima|140100100100|BOA VISTA|Estadual|Ativo|0|1|45|63|0|0|24|29
25385095|Roraima|140100100100|BOA VISTA|Estadual|Ativo|1|1|23|49|0|0|23|0
25385096|Roraima|140100100100|BOA VISTA|Estadual|Ativo|1|1|27|64|0|0|27|0
25385097|Roraima|140100100456|PACARAIMA|Estadual|Ativo|0|0|1|1|0|0|1|0
25385098|Roraima|140100200159|BONFIM|Estadual|Ativo|0|0|13|18|0|1|10|2
25385099|Roraima|140100200159|BONFIM|Municipal|Ativo|0|0|18|28|0|1|12|0
25385100|Roraima|140200300308|MUCAJAI|Municipal|Ativo|0|0|1|1|0|0|1|0
25385101|Roraima|140100200407|NORMANDIA|Estadual|Ativo|0|0|1|1|0|1|1|0
25385102|Roraima|140100100050|ALTO ALEGRE|Estadual|Paralisado|NA|NA|NA|NA|NA|NA|NA|NA
25385103|Roraima|140200400233|CAROEBE|Municipal|Ativo|0|0|1|1|0|1|1|0
25385104|Roraima|140100200704|UIRAMUTA|Estadual|Ativo|0|0|1|1|0|0|1|0
25385105|Roraima|140200400472|RORAINOPOLIS|Estadual|Ativo|0|0|6|9|0|0|6|0
25602316|Roraima|140200300308|MUCAJAI|Estadual|Ativo|0|0|1|1|0|1|1|0
25602317|Roraima|140200300308|MUCAJAI|Estadual|Ativo|0|0|2|2|0|1|2|0
25602318|Roraima|140200300308|MUCAJAI|Estadual|Ativo|0|0|2|2|0|1|2|0
25602319|Roraima|140200300308|MUCAJAI|Estadual|Ativo|0|0|2|2|0|1|2|0
25602320|Roraima|140100100050|ALTO ALEGRE|Estadual|Ativo|0|1|37|44|0|4|27|0
25602321|Roraima|140100100456|PACARAIMA|Estadual|Ativo|0|0|1|1|0|0|1|0
25602322|Roraima|140100100050|ALTO ALEGRE|Estadual|Ativo|0|0|4|5|0|1|3|0
25602323|Roraima|140100200159|BONFIM|Estadual|Ativo|0|0|3|3|0|0|3|0
25602324|Roraima|140100200407|NORMANDIA|Estadual|Ativo|0|0|2|3|0|1|1|0
25602325|Roraima|140100200407|NORMANDIA|Estadual|Ativo|0|0|1|1|0|1|1|0
25602326|Roraima|140100200407|NORMANDIA|Estadual|Ativo|0|0|1|2|0|1|1|0
25602327|Roraima|140100200407|NORMANDIA|Estadual|Ativo|0|0|1|1|0|0|1|0
25602328|Roraima|140100200175|CANTA|Estadual|Ativo|0|0|1|1|0|0|1|0
25602329|Roraima|140200400506|SAO JOAO DA BALIZA|Estadual|Ativo|0|1|28|34|0|5|21|0
25602330|Roraima|140200400506|SAO JOAO DA BALIZA|Municipal|Paralisado|NA|NA|NA|NA|NA|NA|NA|NA
25602331|Roraima|140200400233|CAROEBE|Municipal|Ativo|0|0|1|1|0|1|1|0
25602332|Roraima|140200400233|CAROEBE|Estadual|Paralisado|NA|NA|NA|NA|NA|NA|NA|NA
25602333|Roraima|140200400472|RORAINOPOLIS|Estadual|Ativo|0|0|1|1|0|1|1|0
25602334|Roraima|140200400605|SAO LUIZ|Estadual|Ativo|0|1|29|42|0|4|22|0
25602335|Roraima|140200400605|SAO LUIZ|Estadual|Ativo|0|0|1|1|0|1|1|0
25602336|Roraima|140100200704|UIRAMUTA|Estadual|Ativo|0|0|2|3|0|0|2|0
25602337|Roraima|140100200704|UIRAMUTA|Estadual|Ativo|0|0|1|1|0|0|1|0
25602338|Roraima|140100200704|UIRAMUTA|Municipal|Ativo|0|0|3|5|0|2|1|0
25602339|Roraima|140100200704|UIRAMUTA|Estadual|Ativo|0|0|9|9|0|1|7|0
25602340|Roraima|140200300308|MUCAJAI|Estadual|Ativo|0|1|18|43|0|0|0|0
25602341|Roraima|140100200159|BONFIM|Estadual|Ativo|0|0|1|1|0|0|1|0
25602342|Roraima|140200300209|CARACARAI|Estadual|Ativo|0|0|2|2|0|0|2|0
25602343|Roraima|140200300209|CARACARAI|Estadual|Ativo|0|0|10|15|0|0|9|6
25602344|Roraima|140200300209|CARACARAI|Estadual|Ativo|0|0|2|2|0|0|2|0
25602345|Roraima|140100100100|BOA VISTA|Estadual|Ativo|0|1|45|64|0|0|28|0
25602346|Roraima|140100100100|BOA VISTA|Estadual|Ativo|0|1|61|109|0|0|34|0
25602347|Roraima|140100100100|BOA VISTA|Estadual|Ativo|1|1|47|76|0|0|39|0
25602348|Roraima|140200300209|CARACARAI|Estadual|Ativo|0|1|29|54|0|0|18|0
25602349|Roraima|140100200704|UIRAMUTA|Estadual|Paralisado|NA|NA|NA|NA|NA|NA|NA|NA
25602350|Roraima|140100200704|UIRAMUTA|Estadual|Ativo|0|0|1|1|0|1|1|0
25602351|Roraima|140100100456|PACARAIMA|Estadual|Ativo|0|0|1|1|0|1|1|0
25601947|Roraima|140100100027|AMAJARI|Municipal|Ativo|0|0|2|3|0|1|0|0
25602352|Roraima|140100100027|AMAJARI|Municipal|Paralisado|NA|NA|NA|NA|NA|NA|NA|NA
25602353|Roraima|140100100027|AMAJARI|Estadual|Ativo|0|0|1|1|0|0|1|0
25602354|Roraima|140200300209|CARACARAI|Estadual|Ativo|0|0|2|2|0|0|2|0
25602355|Roraima|140100100100|BOA VISTA|Estadual|Ativo|0|1|32|70|0|0|20|10
25602356|Roraima|140100100100|BOA VISTA|Estadual|Ativo|0|0|13|22|0|4|9|0
25602357|Roraima|140100100100|BOA VISTA|Estadual|Ativo|0|1|10|29|0|0|10|0
25602358|Roraima|140100100100|BOA VISTA|Estadual|Ativo|0|0|18|42|0|10|8|0
25602359|Roraima|140100100100|BOA VISTA|Estadual|Ativo|0|1|48|63|0|0|34|0
25602360|Roraima|140100100100|BOA VISTA|Municipal|Ativo|0|0|2|3|0|1|1|0
25602361|Roraima|140200400233|CAROEBE|Estadual|Ativo|0|0|2|2|0|1|1|0
25602362|Roraima|140100100100|BOA VISTA|Estadual|Ativo|0|0|11|41|0|0|11|0
25602363|Roraima|140100100100|BOA VISTA|Estadual|Ativo|0|0|14|31|0|0|14|0
25602364|Roraima|140100200407|NORMANDIA|Estadual|Ativo|0|0|2|2|0|1|1|0
25602365|Roraima|140100200175|CANTA|Estadual|Ativo|0|0|2|3|0|1|2|0
25602366|Roraima|140100200175|CANTA|Municipal|Ativo|0|0|2|3|0|1|1|0
25602367|Roraima|140100100050|ALTO ALEGRE|Municipal|Ativo|0|0|1|1|0|0|1|0
25602368|Roraima|140100100050|ALTO ALEGRE|Municipal|Ativo|0|0|1|1|0|0|1|0
25602369|Roraima|140100100050|ALTO ALEGRE|Municipal|Ativo|0|0|1|1|0|0|1|0
25602370|Roraima|140100100050|ALTO ALEGRE|Municipal|Ativo|0|0|8|11|1|3|4|0
25602371|Roraima|140100100050|ALTO ALEGRE|Municipal|Paralisado|NA|NA|NA|NA|NA|NA|NA|NA
25602372|Roraima|140100100027|AMAJARI|Municipal|Ativo|0|0|1|2|0|1|1|0
25602373|Roraima|140100100027|AMAJARI|Municipal|Ativo|0|0|1|1|0|1|1|0
25602374|Roraima|140100100027|AMAJARI|Estadual|Ativo|0|0|1|1|0|0|1|0
25602375|Roraima|140100100027|AMAJARI|Estadual|Ativo|0|0|1|1|0|1|1|0
25602376|Roraima|140100100456|PACARAIMA|Estadual|Ativo|0|0|3|3|0|1|3|0
25602377|Roraima|140100200159|BONFIM|Estadual|Ativo|0|0|1|1|0|1|1|0
25602378|Roraima|140100200407|NORMANDIA|Estadual|Ativo|0|0|2|2|0|1|2|0
25602379|Roraima|140100200407|NORMANDIA|Estadual|Ativo|0|0|2|3|0|0|2|0
25602380|Roraima|140100100027|AMAJARI|Estadual|Paralisado|NA|NA|NA|NA|NA|NA|NA|NA
25602381|Roraima|140100200704|UIRAMUTA|Estadual|Ativo|0|0|1|1|0|1|1|0
25602382|Roraima|140200400233|CAROEBE|Municipal|Ativo|0|0|1|2|0|1|1|0
25602383|Roraima|140200400233|CAROEBE|Estadual|Paralisado|NA|NA|NA|NA|NA|NA|NA|NA
25602384|Roraima|140200400472|RORAINOPOLIS|Municipal|Ativo|0|0|6|7|0|1|5|0
25602385|Roraima|140100200407|NORMANDIA|Estadual|Ativo|0|0|1|1|0|0|1|0
25602386|Roraima|140200400472|RORAINOPOLIS|Municipal|Ativo|0|0|2|3|0|1|1|0
25602387|Roraima|140200400472|RORAINOPOLIS|Estadual|Ativo|0|0|1|1|0|0|1|0
25602388|Roraima|140200400472|RORAINOPOLIS|Estadual|Ativo|0|0|1|1|0|0|1|0
25602389|Roraima|140200400472|RORAINOPOLIS|Estadual|Ativo|0|0|2|2|0|0|2|0
25602390|Roraima|140200400472|RORAINOPOLIS|Estadual|Paralisado|NA|NA|NA|NA|NA|NA|NA|NA
25602391|Roraima|140200300308|MUCAJAI|Municipal|Ativo|0|0|1|1|0|0|1|0
25602392|Roraima|140200300308|MUCAJAI|Municipal|Ativo|0|0|2|3|0|0|2|0
25602393|Roraima|140100100100|BOA VISTA|Estadual|Ativo|0|0|3|4|0|1|1|0
25602394|Roraima|140200300209|CARACARAI|Estadual|Ativo|0|0|2|2|0|0|2|0
25602395|Roraima|140100200407|NORMANDIA|Estadual|Ativo|0|0|11|13|0|8|3|0
25602396|Roraima|140100200704|UIRAMUTA|Estadual|Ativo|0|0|1|1|0|0|1|0
25602397|Roraima|140200400605|SAO LUIZ|Municipal|Ativo|0|0|1|1|0|1|1|0
25602398|Roraima|140100100100|BOA VISTA|Estadual|Ativo|0|0|41|79|0|0|28|0
25602399|Roraima|140200300209|CARACARAI|Municipal|Extinto|NA|NA|NA|NA|NA|NA|NA|NA
25602400|Roraima|140200300209|CARACARAI|Municipal|Paralisado|NA|NA|NA|NA|NA|NA|NA|NA
25602401|Roraima|140100100050|ALTO ALEGRE|Estadual|Ativo|0|0|1|1|0|0|1|0
25602402|Roraima|140100200159|BONFIM|Estadual|Ativo|0|0|1|1|0|0|1|0
25602403|Roraima|140100100100|BOA VISTA|Estadual|Ativo|0|1|65|84|0|0|30|17
25602404|Roraima|140100100100|BOA VISTA|Estadual|Ativo|0|0|6|23|0|6|0|0
25602405|Roraima|140100100100|BOA VISTA|Estadual|Ativo|0|0|9|30|0|9|0|0
25602406|Roraima|140100100100|BOA VISTA|Estadual|Ativo|0|0|14|27|0|12|4|0
25602407|Roraima|140100100100|BOA VISTA|Estadual|Ativo|0|0|10|31|0|9|1|0
25602408|Roraima|140100100100|BOA VISTA|Estadual|Ativo|0|1|11|35|0|9|3|0
25601911|Roraima|140100100100|BOA VISTA|Estadual|Ativo|0|0|18|35|0|13|5|0
25601912|Roraima|140100100100|BOA VISTA|Estadual|Ativo|0|0|8|25|0|8|0|0
25602409|Roraima|140100100100|BOA VISTA|Municipal|Ativo|0|1|48|95|0|4|33|0
25601913|Roraima|140200300308|MUCAJAI|Municipal|Ativo|0|0|10|23|10|0|0|0
25602410|Roraima|140200300308|MUCAJAI|Municipal|Ativo|0|0|15|35|0|2|13|0
25602411|Roraima|140200300308|MUCAJAI|Municipal|Ativo|0|0|1|1|0|0|1|0
25601914|Roraima|140100100456|PACARAIMA|Municipal|Ativo|0|0|7|18|7|0|0|0
25601915|Roraima|140100100027|AMAJARI|Municipal|Ativo|0|0|2|5|2|0|0|0
25602412|Roraima|140200300308|MUCAJAI|Estadual|Ativo|0|0|1|1|0|1|1|0
25602413|Roraima|140200300308|MUCAJAI|Estadual|Ativo|0|0|1|1|0|1|1|0
25601916|Roraima|140200300282|IRACEMA|Estadual|Ativo|0|0|16|26|16|0|0|0
25602414|Roraima|140200300209|CARACARAI|Municipal|Ativo|0|0|1|1|0|0|1|0
25602415|Roraima|140100200175|CANTA|Municipal|Ativo|0|0|6|10|0|1|4|0
25602416|Roraima|140100200175|CANTA|Municipal|Ativo|0|0|3|4|0|1|1|0
25602417|Roraima|140200400506|SAO JOAO DA BALIZA|Estadual|Ativo|0|0|1|1|0|0|1|0
25602418|Roraima|140200400233|CAROEBE|Municipal|Ativo|0|0|1|2|0|1|1|0
25602419|Roraima|140200400506|SAO JOAO DA BALIZA|Municipal|Ativo|0|0|5|14|0|2|2|0
25602420|Roraima|140200400506|SAO JOAO DA BALIZA|Estadual|Ativo|0|0|11|17|0|0|6|5
25602421|Roraima|140200400472|RORAINOPOLIS|Estadual|Ativo|0|0|1|1|0|0|1|0
25602422|Roraima|140200300209|CARACARAI|Estadual|Ativo|0|0|1|1|0|0|1|0
25602423|Roraima|140200400472|RORAINOPOLIS|Estadual|Ativo|0|0|2|2|0|0|2|0
25601949|Roraima|140200300209|CARACARAI|Municipal|Ativo|0|0|6|18|0|2|4|0
25601950|Roraima|140200300209|CARACARAI|Municipal|Extinto|NA|NA|NA|NA|NA|NA|NA|NA
25602424|Roraima|140100100456|PACARAIMA|Estadual|Ativo|0|0|1|1|0|0|1|0
25602425|Roraima|140200400472|RORAINOPOLIS|Municipal|Ativo|0|0|34|64|0|10|13|0
25602426|Roraima|140100100456|PACARAIMA|Municipal|Ativo|0|0|1|1|0|1|0|0
25602427|Roraima|140100100100|BOA VISTA|Estadual|Ativo|0|1|14|27|0|13|2|0
25602428|Roraima|140200300282|IRACEMA|Estadual|Ativo|0|0|1|2|0|1|1|0
25602429|Roraima|140100100100|BOA VISTA|Estadual|Ativo|0|1|56|87|0|0|32|16
25602430|Roraima|140100200407|NORMANDIA|Estadual|Ativo|0|0|1|1|0|1|1|0
25602431|Roraima|140100200407|NORMANDIA|Estadual|Ativo|0|0|1|1|0|1|1|0
25602432|Roraima|140100100100|BOA VISTA|Municipal|Ativo|0|0|39|75|0|5|23|0
25601917|Roraima|140100100100|BOA VISTA|Municipal|Ativo|0|0|13|30|8|5|0|0
25602433|Roraima|140100100100|BOA VISTA|Particular|Ativo|0|0|3|9|0|3|0|0
25601918|Roraima|140100100100|BOA VISTA|Municipal|Ativo|0|0|14|32|9|5|0|0
25601919|Roraima|140100100100|BOA VISTA|Municipal|Ativo|0|0|19|41|11|8|0|0
25602434|Roraima|140100200175|CANTA|Estadual|Paralisado|NA|NA|NA|NA|NA|NA|NA|NA
25601920|Roraima|140100100100|BOA VISTA|Municipal|Ativo|0|0|16|34|12|4|0|0
25602435|Roraima|140100100456|PACARAIMA|Estadual|Ativo|0|0|1|1|0|1|1|0
25602436|Roraima|140200400506|SAO JOAO DA BALIZA|Municipal|Ativo|0|0|6|10|0|2|3|0
25602437|Roraima|140200400605|SAO LUIZ|Estadual|Ativo|0|1|19|38|0|2|13|9
25602438|Roraima|140200400472|RORAINOPOLIS|Estadual|Ativo|0|0|2|2|0|0|2|0
25602439|Roraima|140200400472|RORAINOPOLIS|Estadual|Ativo|0|1|1|1|0|0|1|0
25602440|Roraima|140200400472|RORAINOPOLIS|Estadual|Ativo|0|0|1|1|0|0|1|0
25602441|Roraima|140200400472|RORAINOPOLIS|Estadual|Ativo|0|0|1|1|0|0|1|0
25602442|Roraima|140200400472|RORAINOPOLIS|Estadual|Ativo|0|0|1|1|0|0|1|0
25602443|Roraima|140200400472|RORAINOPOLIS|Estadual|Ativo|0|0|2|2|0|0|2|0
25602444|Roraima|140200400472|RORAINOPOLIS|Estadual|Ativo|0|0|1|1|0|0|1|0
25602445|Roraima|140200400233|CAROEBE|Estadual|Ativo|0|1|33|50|0|0|18|8
25602446|Roraima|140100100027|AMAJARI|Estadual|Ativo|0|0|1|1|0|1|1|0
25602447|Roraima|140100200175|CANTA|Municipal|Ativo|0|0|1|2|0|1|0|0
25602448|Roraima|140100200175|CANTA|Municipal|Ativo|0|0|4|5|0|1|2|0
25602449|Roraima|140100100050|ALTO ALEGRE|Estadual|Ativo|0|0|1|1|0|0|1|0
25601955|Roraima|140100100456|PACARAIMA|Estadual|Paralisado|NA|NA|NA|NA|NA|NA|NA|NA
25602450|Roraima|140100200407|NORMANDIA|Estadual|Ativo|0|0|1|1|0|1|1|0
25602451|Roraima|140100200159|BONFIM|Estadual|Ativo|0|0|1|1|0|1|1|0
25602452|Roraima|140100200704|UIRAMUTA|Estadual|Ativo|0|0|1|1|0|1|1|0
25602453|Roraima|140100200704|UIRAMUTA|Estadual|Ativo|0|0|1|1|0|0|1|0
25602454|Roraima|140100200704|UIRAMUTA|Estadual|Ativo|0|0|1|1|0|0|1|0
25602455|Roraima|140100200704|UIRAMUTA|Estadual|Ativo|0|0|1|1|0|0|1|0
25602456|Roraima|140100200407|NORMANDIA|Estadual|Ativo|0|0|1|1|0|0|1|0
25602457|Roraima|140100200175|CANTA|Estadual|Ativo|0|0|2|3|0|0|2|0
25602458|Roraima|140100200159|BONFIM|Municipal|Ativo|0|0|3|5|0|1|1|0
25602459|Roraima|140100200407|NORMANDIA|Estadual|Ativo|0|0|1|1|0|0|1|0
25602460|Roraima|140100200175|CANTA|Estadual|Ativo|0|0|2|2|0|1|2|0
25602461|Roraima|140100200407|NORMANDIA|Estadual|Paralisado|NA|NA|NA|NA|NA|NA|NA|NA
25602462|Roraima|140200300209|CARACARAI|Municipal|Ativo|0|0|2|3|0|0|2|0
25601921|Roraima|140200300209|CARACARAI|Municipal|Ativo|0|0|20|42|20|0|0|0
25602463|Roraima|140200300209|CARACARAI|Municipal|Ativo|0|0|19|51|0|10|9|0
25602464|Roraima|140200300209|CARACARAI|Municipal|Ativo|0|0|1|1|0|1|0|0
25602465|Roraima|140100200704|UIRAMUTA|Estadual|Ativo|0|0|1|1|0|1|1|0
25602466|Roraima|140200300308|MUCAJAI|Municipal|Ativo|0|0|1|1|0|0|1|0
25602467|Roraima|140200300308|MUCAJAI|Municipal|Ativo|0|0|1|1|0|0|1|0
25602468|Roraima|140100100100|BOA VISTA|Municipal|Ativo|0|0|30|65|0|0|23|0
25602469|Roraima|140100100100|BOA VISTA|Municipal|Ativo|0|0|10|24|0|1|9|0
25602470|Roraima|140100200704|UIRAMUTA|Municipal|Ativo|0|0|2|3|0|1|1|0
25602471|Roraima|140100200175|CANTA|Municipal|Ativo|0|0|1|1|0|1|1|0
25602472|Roraima|140100200175|CANTA|Estadual|Ativo|0|0|1|1|0|1|1|0
25602473|Roraima|140200300308|MUCAJAI|Estadual|Ativo|0|0|1|1|0|1|1|0
25602474|Roraima|140100100456|PACARAIMA|Estadual|Paralisado|NA|NA|NA|NA|NA|NA|NA|NA
25602475|Roraima|140100100027|AMAJARI|Municipal|Paralisado|NA|NA|NA|NA|NA|NA|NA|NA
25602476|Roraima|140100100027|AMAJARI|Municipal|Ativo|0|0|1|1|0|1|0|0
25602477|Roraima|140100100027|AMAJARI|Municipal|Paralisado|NA|NA|NA|NA|NA|NA|NA|NA
25602478|Roraima|140100200159|BONFIM|Municipal|Ativo|0|0|11|14|0|1|5|0
25602479|Roraima|140100200159|BONFIM|Municipal|Ativo|0|0|9|9|0|1|7|0
25602480|Roraima|140100200159|BONFIM|Municipal|Ativo|0|0|8|11|0|1|4|0
25602481|Roraima|140200300282|IRACEMA|Estadual|Ativo|0|0|1|1|0|0|1|0
25602482|Roraima|140200300282|IRACEMA|Estadual|Ativo|0|0|1|2|0|0|1|0
25602483|Roraima|140100100027|AMAJARI|Municipal|Paralisado|NA|NA|NA|NA|NA|NA|NA|NA
25602484|Roraima|140100100027|AMAJARI|Municipal|Paralisado|NA|NA|NA|NA|NA|NA|NA|NA
25602485|Roraima|140100100027|AMAJARI|Municipal|Paralisado|NA|NA|NA|NA|NA|NA|NA|NA
25602486|Roraima|140100100027|AMAJARI|Municipal|Ativo|0|0|2|3|0|1|1|0
25602487|Roraima|140100100027|AMAJARI|Municipal|Paralisado|NA|NA|NA|NA|NA|NA|NA|NA
25602488|Roraima|140100100027|AMAJARI|Municipal|Paralisado|NA|NA|NA|NA|NA|NA|NA|NA
25602489|Roraima|140100100027|AMAJARI|Municipal|Paralisado|NA|NA|NA|NA|NA|NA|NA|NA
25602490|Roraima|140100100456|PACARAIMA|Estadual|Ativo|1|1|38|53|0|0|8|10
25602491|Roraima|140200400472|RORAINOPOLIS|Municipal|Ativo|0|0|2|4|0|1|1|0
25602492|Roraima|140200400472|RORAINOPOLIS|Municipal|Ativo|0|0|1|2|0|1|1|0
25601948|Roraima|140100100100|BOA VISTA|Particular|Ativo|0|0|3|10|0|3|0|0
25601922|Roraima|140100100100|BOA VISTA|Particular|Ativo|0|0|10|28|3|7|0|0
25602493|Roraima|140100100100|BOA VISTA|Estadual|Ativo|0|0|16|31|0|16|0|0
25601826|Roraima|140100100100|BOA VISTA|Particular|Ativo|0|0|8|13|0|8|0|0
25602494|Roraima|140100200407|NORMANDIA|Estadual|Ativo|0|0|1|1|0|0|1|0
25602495|Roraima|140200400472|RORAINOPOLIS|Estadual|Ativo|0|1|39|54|0|1|28|0
25602496|Roraima|140200400472|RORAINOPOLIS|Estadual|Ativo|0|0|1|1|0|0|1|0
25602497|Roraima|140200400472|RORAINOPOLIS|Municipal|Paralisado|NA|NA|NA|NA|NA|NA|NA|NA
25602498|Roraima|140100200704|UIRAMUTA|Estadual|Ativo|0|0|1|1|0|1|1|0
25602499|Roraima|140200400472|RORAINOPOLIS|Municipal|Paralisado|NA|NA|NA|NA|NA|NA|NA|NA
25602500|Roraima|140200400472|RORAINOPOLIS|Municipal|Ativo|0|0|1|1|0|0|1|0
25602501|Roraima|140200400472|RORAINOPOLIS|Estadual|Ativo|0|0|2|2|0|1|2|0
25602502|Roraima|140200400605|SAO LUIZ|Municipal|Ativo|0|0|1|2|0|1|1|0
25602503|Roraima|140200400472|RORAINOPOLIS|Municipal|Ativo|0|0|1|3|0|1|1|0
25602504|Roraima|140200400472|RORAINOPOLIS|Estadual|Ativo|0|0|1|1|0|0|1|0
25602505|Roraima|140100100100|BOA VISTA|Estadual|Ativo|1|1|186|254|0|0|126|0
25602506|Roraima|140100200704|UIRAMUTA|Estadual|Paralisado|NA|NA|NA|NA|NA|NA|NA|NA
25602507|Roraima|140200400472|RORAINOPOLIS|Municipal|Ativo|0|0|1|1|0|1|1|0
25602508|Roraima|140100100456|PACARAIMA|Estadual|Ativo|0|0|1|1|0|0|1|0
25602509|Roraima|140100200704|UIRAMUTA|Estadual|Ativo|0|0|1|1|0|0|1|0
25601923|Roraima|140100100100|BOA VISTA|Particular|Ativo|0|0|10|24|4|6|0|0
25602510|Roraima|140100200175|CANTA|Municipal|Ativo|0|0|3|4|0|1|1|0
25602511|Roraima|140100200175|CANTA|Municipal|Ativo|0|0|7|12|0|0|5|0
25601924|Roraima|140100200175|CANTA|Municipal|Ativo|0|0|8|18|2|6|0|0
25602512|Roraima|140200300209|CARACARAI|Municipal|Ativo|0|0|8|12|0|1|7|0
25602513|Roraima|140100200704|UIRAMUTA|Estadual|Ativo|0|0|1|1|0|0|1|0
25601925|Roraima|140100100100|BOA VISTA|Particular|Ativo|0|0|3|7|3|0|0|0
25602514|Roraima|140100100100|BOA VISTA|Estadual|Ativo|0|1|16|38|0|16|0|0
25601814|Roraima|140100100100|BOA VISTA|Particular|Ativo|0|1|4|16|2|4|0|0
25601815|Roraima|140100100100|BOA VISTA|Particular|Ativo|0|0|4|10|1|4|0|0
25601926|Roraima|140200400472|RORAINOPOLIS|Estadual|Ativo|0|0|4|16|4|0|0|0
25602515|Roraima|140200400233|CAROEBE|Municipal|Ativo|0|1|6|11|4|2|0|0
25602516|Roraima|140100100100|BOA VISTA|Estadual|Ativo|0|0|2|2|0|0|1|0
25602517|Roraima|140200300282|IRACEMA|Estadual|Ativo|0|0|1|1|0|0|1|0
25602518|Roraima|140100100456|PACARAIMA|Estadual|Ativo|0|0|1|1|0|0|1|0
25602519|Roraima|140200400233|CAROEBE|Estadual|Ativo|0|0|1|1|0|0|1|0
25602520|Roraima|140200400233|CAROEBE|Municipal|Ativo|0|0|1|1|0|1|1|0
25602521|Roraima|140100200159|BONFIM|Estadual|Ativo|0|0|24|45|0|0|23|0
25602522|Roraima|140100200704|UIRAMUTA|Estadual|Ativo|0|0|1|1|0|1|1|0
25602523|Roraima|140100200407|NORMANDIA|Estadual|Ativo|0|0|1|1|0|1|1|0
25602524|Roraima|140100100456|PACARAIMA|Estadual|Ativo|0|0|1|1|0|0|1|0
25602525|Roraima|140100200407|NORMANDIA|Estadual|Ativo|0|0|1|1|0|1|1|0
25602526|Roraima|140100100100|BOA VISTA|Particular|Ativo|0|1|11|21|0|7|4|0
25602527|Roraima|140100200407|NORMANDIA|Estadual|Ativo|0|0|1|1|0|0|1|0
25602528|Roraima|140100100456|PACARAIMA|Estadual|Paralisado|NA|NA|NA|NA|NA|NA|NA|NA
25602529|Roraima|140100100456|PACARAIMA|Estadual|Ativo|0|0|1|1|0|0|1|0
25602530|Roraima|140100100100|BOA VISTA|Estadual|Ativo|0|1|28|56|0|0|28|0
25602531|Roraima|140200400233|CAROEBE|Estadual|Ativo|0|0|1|1|0|1|1|0
25602532|Roraima|140100100050|ALTO ALEGRE|Municipal|Paralisado|NA|NA|NA|NA|NA|NA|NA|NA
25602533|Roraima|140100100100|BOA VISTA|Estadual|Ativo|0|1|96|124|0|0|70|0
25602534|Roraima|140100100100|BOA VISTA|Estadual|Ativo|0|1|41|73|0|0|22|0
25602535|Roraima|140100100100|BOA VISTA|Estadual|Ativo|1|1|46|87|0|0|38|0
25602536|Roraima|140200400605|SAO LUIZ|Municipal|Ativo|0|0|1|1|0|1|1|0
25602537|Roraima|140100100100|BOA VISTA|Municipal|Ativo|0|0|13|28|0|4|9|0
25602538|Roraima|140100200704|UIRAMUTA|Municipal|Ativo|0|0|2|3|0|1|1|0
25602539|Roraima|140100200175|CANTA|Estadual|Ativo|0|0|1|1|0|1|1|0
25602540|Roraima|140200400233|CAROEBE|Municipal|Ativo|0|0|1|1|0|1|1|0
25602541|Roraima|140200400506|SAO JOAO DA BALIZA|Municipal|Ativo|0|0|1|2|0|0|1|0
25602542|Roraima|140100200175|CANTA|Municipal|Ativo|0|0|2|3|0|1|1|0
25602543|Roraima|140200400472|RORAINOPOLIS|Municipal|Ativo|0|0|1|2|0|0|1|0
25602544|Roraima|140100200704|UIRAMUTA|Municipal|Ativo|0|0|3|4|0|2|1|0
25601897|Roraima|140200300282|IRACEMA|Municipal|Extinto|NA|NA|NA|NA|NA|NA|NA|NA
25602545|Roraima|140200400472|RORAINOPOLIS|Municipal|Ativo|0|0|1|2|0|1|1|0
25602546|Roraima|140200400472|RORAINOPOLIS|Municipal|Ativo|0|0|1|1|0|1|1|0
25602547|Roraima|140200400472|RORAINOPOLIS|Municipal|Ativo|0|0|2|3|0|1|1|0
25601927|Roraima|140100100100|BOA VISTA|Municipal|Ativo|0|0|8|31|4|4|0|0
25602548|Roraima|140100100100|BOA VISTA|Municipal|Ativo|1|1|42|73|0|8|21|0
25601928|Roraima|140100100100|BOA VISTA|Municipal|Ativo|0|0|10|33|6|4|0|0
25602549|Roraima|140200400233|CAROEBE|Estadual|Ativo|0|0|1|1|0|1|1|0
25602550|Roraima|140100200407|NORMANDIA|Estadual|Ativo|0|0|1|1|0|0|1|0
25602551|Roraima|140100200407|NORMANDIA|Estadual|Ativo|0|0|1|1|0|1|1|0
25602552|Roraima|140200400472|RORAINOPOLIS|Estadual|Ativo|0|0|1|1|0|0|1|0
25602553|Roraima|140100200175|CANTA|Estadual|Ativo|0|0|1|1|0|1|1|0
25602554|Roraima|140200400233|CAROEBE|Municipal|Ativo|0|0|2|2|0|1|1|0
25602555|Roraima|140200300308|MUCAJAI|Estadual|Ativo|0|0|1|1|0|1|0|0
25602556|Roraima|140200400605|SAO LUIZ|Municipal|Ativo|0|0|1|1|0|0|1|0
25602557|Roraima|140100100050|ALTO ALEGRE|Estadual|Paralisado|NA|NA|NA|NA|NA|NA|NA|NA
25602558|Roraima|140100200159|BONFIM|Estadual|Ativo|0|0|3|3|0|1|2|0
25602559|Roraima|140200300308|MUCAJAI|Estadual|Ativo|0|0|1|1|0|1|1|0
25602560|Roraima|140100200407|NORMANDIA|Estadual|Ativo|0|0|1|1|0|1|1|0
25602561|Roraima|140200300308|MUCAJAI|Municipal|Ativo|0|0|1|1|0|0|1|0
25602562|Roraima|140200400233|CAROEBE|Municipal|Ativo|0|0|1|1|0|1|1|0
25602563|Roraima|140100200407|NORMANDIA|Estadual|Ativo|0|0|1|1|0|0|1|0
25602564|Roraima|140100200407|NORMANDIA|Estadual|Ativo|0|0|1|1|0|1|1|0
25602565|Roraima|140100100027|AMAJARI|Estadual|Ativo|0|0|1|1|0|0|1|0
25602566|Roraima|140100200704|UIRAMUTA|Estadual|Ativo|0|0|2|2|0|1|2|0
25602567|Roraima|140200300282|IRACEMA|Estadual|Ativo|0|0|1|1|0|0|0|0
25602568|Roraima|140200300282|IRACEMA|Estadual|Ativo|0|0|1|1|0|0|0|0
25602569|Roraima|140200300282|IRACEMA|Estadual|Ativo|0|0|1|1|0|0|0|0
25602570|Roraima|140100100050|ALTO ALEGRE|Estadual|Ativo|0|0|1|1|0|0|0|0
25602571|Roraima|140200300282|IRACEMA|Estadual|Ativo|0|0|2|2|0|0|1|0
25602572|Roraima|140200300282|IRACEMA|Estadual|Ativo|0|0|1|1|0|0|0|0
25602573|Roraima|140200300282|IRACEMA|Estadual|Ativo|0|0|1|1|0|0|0|0
25602574|Roraima|140200300282|IRACEMA|Estadual|Ativo|0|0|1|1|0|0|0|0
25602575|Roraima|140200300282|IRACEMA|Estadual|Ativo|0|0|1|1|0|0|0|0
25602576|Roraima|140200300282|IRACEMA|Estadual|Ativo|0|0|1|1|0|0|0|0
25602577|Roraima|140200300282|IRACEMA|Estadual|Ativo|0|0|1|1|0|0|0|0
25602578|Roraima|140200300282|IRACEMA|Estadual|Ativo|0|0|1|1|0|0|0|0
25602579|Roraima|140200300282|IRACEMA|Estadual|Ativo|0|0|1|1|0|0|0|0
25602580|Roraima|140200300282|IRACEMA|Estadual|Ativo|0|0|1|1|0|0|0|0
25602581|Roraima|140200300282|IRACEMA|Estadual|Ativo|0|0|1|1|0|0|0|0
25602582|Roraima|140200300282|IRACEMA|Estadual|Ativo|0|0|1|1|0|0|0|0
25602583|Roraima|140200300282|IRACEMA|Estadual|Ativo|0|0|1|1|0|0|0|0
25602584|Roraima|140200300282|IRACEMA|Estadual|Ativo|0|0|1|1|0|0|0|0
25602585|Roraima|140200300282|IRACEMA|Estadual|Ativo|0|0|1|1|0|0|0|0
25602586|Roraima|140200300282|IRACEMA|Estadual|Ativo|0|0|1|1|0|0|1|0
25602587|Roraima|140100100027|AMAJARI|Estadual|Ativo|0|0|2|2|0|0|2|0
25602588|Roraima|140200300282|IRACEMA|Estadual|Ativo|0|0|1|1|0|0|0|0
25602589|Roraima|140100100050|ALTO ALEGRE|Estadual|Ativo|0|0|1|1|0|0|0|0
25602590|Roraima|140200300282|IRACEMA|Estadual|Ativo|0|0|1|1|0|0|0|0
25602591|Roraima|140200300282|IRACEMA|Estadual|Ativo|0|0|1|1|0|0|0|0
25602592|Roraima|140100100050|ALTO ALEGRE|Estadual|Ativo|0|0|1|1|0|0|0|0
25602593|Roraima|140200300282|IRACEMA|Estadual|Ativo|0|0|1|1|0|0|0|0
25602594|Roraima|140200300282|IRACEMA|Estadual|Ativo|0|0|2|2|0|0|1|0
25602595|Roraima|140200300282|IRACEMA|Estadual|Paralisado|NA|NA|NA|NA|NA|NA|NA|NA
25602596|Roraima|140100100027|AMAJARI|Estadual|Ativo|0|0|1|1|0|0|1|0
25602597|Roraima|140200300282|IRACEMA|Estadual|Ativo|0|0|1|1|0|0|1|0
25602598|Roraima|140200300282|IRACEMA|Estadual|Ativo|0|0|1|1|0|0|0|0
25602599|Roraima|140200300282|IRACEMA|Estadual|Ativo|0|0|1|1|0|0|0|0
25602600|Roraima|140200300209|CARACARAI|Estadual|Paralisado|NA|NA|NA|NA|NA|NA|NA|NA
25602601|Roraima|140200300282|IRACEMA|Estadual|Ativo|0|0|1|1|0|0|0|0
25602602|Roraima|140100100050|ALTO ALEGRE|Estadual|Ativo|0|0|2|2|0|0|0|0
25602603|Roraima|140200300282|IRACEMA|Estadual|Ativo|0|0|1|1|0|0|0|0
25602604|Roraima|140100100050|ALTO ALEGRE|Estadual|Ativo|0|0|2|2|0|0|1|0
25602605|Roraima|140200300282|IRACEMA|Estadual|Ativo|0|0|1|1|0|0|0|0
25602606|Roraima|140200300282|IRACEMA|Estadual|Ativo|0|0|1|1|0|0|0|0
25602607|Roraima|140100100050|ALTO ALEGRE|Estadual|Ativo|0|0|1|1|0|0|1|0
25602608|Roraima|140200300282|IRACEMA|Estadual|Ativo|0|0|1|1|0|0|0|0
25602609|Roraima|140100100050|ALTO ALEGRE|Estadual|Ativo|0|0|2|2|0|0|2|0
25602610|Roraima|140100100027|AMAJARI|Estadual|Ativo|0|0|2|2|0|0|2|0
25602611|Roraima|140100100050|ALTO ALEGRE|Estadual|Ativo|0|0|1|1|0|0|1|0
25602612|Roraima|140100100050|ALTO ALEGRE|Estadual|Paralisado|NA|NA|NA|NA|NA|NA|NA|NA
25602613|Roraima|140100100050|ALTO ALEGRE|Estadual|Ativo|0|0|1|1|0|0|1|0
25602614|Roraima|140200300209|CARACARAI|Estadual|Paralisado|NA|NA|NA|NA|NA|NA|NA|NA
25602615|Roraima|140200300209|CARACARAI|Estadual|Ativo|0|0|1|1|0|0|1|0
25602616|Roraima|140200300209|CARACARAI|Estadual|Ativo|0|0|3|3|0|0|3|0
25602617|Roraima|140200300209|CARACARAI|Estadual|Paralisado|NA|NA|NA|NA|NA|NA|NA|NA
25602618|Roraima|140200300209|CARACARAI|Estadual|Ativo|0|0|1|1|0|0|1|0
25602619|Roraima|140200300209|CARACARAI|Estadual|Ativo|0|0|1|1|0|0|1|0
25602620|Roraima|140200300209|CARACARAI|Estadual|Ativo|0|0|1|1|0|0|1|0
25602621|Roraima|140200300209|CARACARAI|Estadual|Ativo|0|0|1|1|0|0|1|0
25602622|Roraima|140200300209|CARACARAI|Estadual|Ativo|0|0|1|1|0|0|1|0
25602623|Roraima|140200300209|CARACARAI|Estadual|Ativo|0|0|2|2|0|0|2|0
25602624|Roraima|140200300209|CARACARAI|Estadual|Ativo|0|0|1|1|0|0|1|0
25602625|Roraima|140200300209|CARACARAI|Estadual|Ativo|0|0|1|1|0|0|1|0
25602626|Roraima|140200300209|CARACARAI|Estadual|Ativo|0|0|1|1|0|0|1|0
25602627|Roraima|140200300209|CARACARAI|Estadual|Ativo|0|0|2|2|0|0|2|0
25602628|Roraima|140200300209|CARACARAI|Estadual|Ativo|0|0|1|1|0|0|1|0
25602629|Roraima|140200300209|CARACARAI|Estadual|Ativo|0|0|4|4|0|0|4|0
25602630|Roraima|140100200407|NORMANDIA|Estadual|Ativo|0|0|1|1|0|0|1|0
25602631|Roraima|140100100050|ALTO ALEGRE|Municipal|Ativo|0|0|10|21|0|2|2|0
25602632|Roraima|140100200175|CANTA|Municipal|Ativo|0|0|2|3|0|2|0|0
25602633|Roraima|140200300209|CARACARAI|Estadual|Ativo|0|0|6|11|0|1|6|0
25602634|Roraima|140100100050|ALTO ALEGRE|Estadual|Ativo|0|0|1|1|0|1|1|0
25602635|Roraima|140100100050|ALTO ALEGRE|Estadual|Ativo|0|0|1|1|0|0|1|0
25601956|Roraima|140100100100|BOA VISTA|Estadual|Extinto|NA|NA|NA|NA|NA|NA|NA|NA
25602636|Roraima|140100100456|PACARAIMA|Estadual|Ativo|0|0|1|1|0|1|1|0
25602637|Roraima|140100200407|NORMANDIA|Estadual|Ativo|0|0|1|1|0|0|1|0
25601957|Roraima|140100100100|BOA VISTA|Estadual|Extinto|NA|NA|NA|NA|NA|NA|NA|NA
25602638|Roraima|140100200407|NORMANDIA|Estadual|Ativo|0|0|1|1|0|1|1|0
25602639|Roraima|140100200704|UIRAMUTA|Estadual|Ativo|0|0|1|1|0|0|1|0
25602640|Roraima|140100200704|UIRAMUTA|Estadual|Ativo|0|0|1|1|0|1|1|0
25602641|Roraima|140100200407|NORMANDIA|Estadual|Ativo|0|0|1|1|0|0|1|0
25602642|Roraima|140100100100|BOA VISTA|Estadual|Ativo|0|0|42|57|0|0|31|0
25602643|Roraima|140100100050|ALTO ALEGRE|Estadual|Paralisado|NA|NA|NA|NA|NA|NA|NA|NA
25602644|Roraima|140100200175|CANTA|Estadual|Ativo|0|0|16|29|0|3|10|0
25602645|Roraima|140100200175|CANTA|Estadual|Extinto|NA|NA|NA|NA|NA|NA|NA|NA
25602646|Roraima|140100200175|CANTA|Estadual|Ativo|0|0|1|1|0|1|1|0
25602647|Roraima|140200300209|CARACARAI|Estadual|Ativo|0|0|4|7|0|0|4|0
25602648|Roraima|140200300209|CARACARAI|Estadual|Ativo|0|0|1|1|0|0|1|0
25602649|Roraima|140100200407|NORMANDIA|Municipal|Ativo|0|0|18|23|0|0|18|0
25602650|Roraima|140200300308|MUCAJAI|Estadual|Ativo|0|1|27|49|0|7|20|0
25602651|Roraima|140100100100|BOA VISTA|Municipal|Ativo|1|0|23|88|0|0|12|0
25602652|Roraima|140100100027|AMAJARI|Estadual|Ativo|0|0|2|2|0|0|2|0
25602653|Roraima|140100100027|AMAJARI|Estadual|Ativo|0|0|5|5|0|0|5|0
25601859|Roraima|140100100100|BOA VISTA|Particular|Ativo|0|1|23|35|0|0|0|23
25602654|Roraima|140100100100|BOA VISTA|Particular|Ativo|1|1|22|45|0|1|19|8
25602655|Roraima|140100200159|BONFIM|Estadual|Ativo|0|0|4|4|0|0|4|0
25602656|Roraima|140100200175|CANTA|Estadual|Ativo|0|0|1|1|0|0|1|0
25602657|Roraima|140200400233|CAROEBE|Municipal|Ativo|0|0|1|1|0|1|1|0
25602658|Roraima|140200400233|CAROEBE|Municipal|Ativo|0|0|1|1|0|1|1|0
25602659|Roraima|140200400233|CAROEBE|Estadual|Ativo|0|0|1|1|0|1|1|0
25602660|Roraima|140200300282|IRACEMA|Municipal|Ativo|0|0|7|18|0|0|7|0
25601929|Roraima|140200300282|IRACEMA|Municipal|Ativo|0|0|4|15|4|0|0|0
25602661|Roraima|140100200175|CANTA|Municipal|Ativo|0|0|7|11|2|4|0|0
25602662|Roraima|140100200159|BONFIM|Municipal|Ativo|0|0|3|5|0|0|2|0
25602663|Roraima|140200400506|SAO JOAO DA BALIZA|Municipal|Ativo|0|0|2|3|0|0|2|0
25602664|Roraima|140200400506|SAO JOAO DA BALIZA|Municipal|Ativo|0|0|1|1|0|0|1|0
25602665|Roraima|140200300209|CARACARAI|Estadual|Ativo|0|0|1|1|0|0|1|0
25602666|Roraima|140200300209|CARACARAI|Estadual|Ativo|0|0|1|1|0|0|0|0
25602667|Roraima|140100100027|AMAJARI|Municipal|Ativo|0|0|1|3|0|0|1|0
25602668|Roraima|140200300209|CARACARAI|Estadual|Ativo|0|0|2|2|0|0|1|0
25602669|Roraima|140200300209|CARACARAI|Estadual|Ativo|0|0|1|1|0|0|1|0
25602670|Roraima|140200400472|RORAINOPOLIS|Municipal|Ativo|0|0|2|2|0|2|0|0
25602671|Roraima|140100100027|AMAJARI|Estadual|Ativo|0|0|1|1|0|0|1|0
25602672|Roraima|140200400233|CAROEBE|Estadual|Ativo|0|0|1|1|0|0|1|0
25601930|Roraima|140100100100|BOA VISTA|Particular|Ativo|0|1|6|12|3|3|0|0
25602673|Roraima|140100100027|AMAJARI|Estadual|Ativo|0|0|3|3|0|0|3|0
25602674|Roraima|140200300308|MUCAJAI|Estadual|Ativo|0|0|1|1|0|1|1|0
25602675|Roraima|140200300308|MUCAJAI|Estadual|Ativo|0|0|2|2|0|1|2|0
25601931|Roraima|140100200407|NORMANDIA|Municipal|Ativo|0|0|8|16|8|0|0|0
25602676|Roraima|140100200407|NORMANDIA|Estadual|Ativo|0|0|1|3|0|0|1|0
25601827|Roraima|140100100100|BOA VISTA|Particular|Ativo|0|0|2|6|2|0|0|0
25602677|Roraima|140100200175|CANTA|Estadual|Ativo|0|0|1|1|0|0|1|0
25602678|Roraima|140100100050|ALTO ALEGRE|Municipal|Ativo|0|1|4|6|1|4|0|0
25602679|Roraima|140100100050|ALTO ALEGRE|Municipal|Ativo|0|0|4|7|0|4|0|0
25602680|Roraima|140100100050|ALTO ALEGRE|Municipal|Ativo|0|0|1|1|0|0|1|0
25602681|Roraima|140200300209|CARACARAI|Estadual|Ativo|0|0|4|4|0|0|4|0
25602682|Roraima|140100100100|BOA VISTA|Estadual|Ativo|0|1|9|14|0|0|0|9
25602683|Roraima|140100200175|CANTA|Estadual|Ativo|0|0|1|1|0|1|1|0
